shipment_id,step,timestamp,hour,lat,lon,temperature_c,temp_threshold_c,temp_alert,interval_co2_kg,cumulative_co2_kg,distance_km,source_file,data_type,alert,temperature_difference_c,journey_progress_pct,risk_level,journey_stage,hour_bucket
A-104,0,2026-07-04 17:24:49,0.0,52.5202,13.40432,4.98,11.0,False,4.249,4.249,0.0,shipment_A-104.csv,simulated_prototype,0,-6.02,0.0,Normal,0-25%,0-3h
A-104,1,2026-07-04 17:29:49,0.083,52.51612,13.34357,5.16,11.0,False,3.823,8.072,4.55,shipment_A-104.csv,simulated_prototype,0,-5.84,0.6946564885496183,Normal,0-25%,0-3h
A-104,2,2026-07-04 17:34:49,0.167,52.51162,13.28033,5.08,11.0,False,3.784,11.856,9.1,shipment_A-104.csv,simulated_prototype,0,-5.92,1.3893129770992365,Normal,0-25%,0-3h
A-104,3,2026-07-04 17:39:49,0.25,52.50716,13.21923,5.28,11.0,False,4.123,15.979,13.65,shipment_A-104.csv,simulated_prototype,0,-5.72,2.083969465648855,Normal,0-25%,0-3h
A-104,4,2026-07-04 17:44:49,0.333,52.50305,13.15715,5.08,11.0,False,4.294,20.273,18.19,shipment_A-104.csv,simulated_prototype,0,-5.92,2.7770992366412215,Normal,0-25%,0-3h
A-104,5,2026-07-04 17:49:49,0.417,52.49961,13.09479,5.06,11.0,False,3.868,24.141,22.74,shipment_A-104.csv,simulated_prototype,0,-5.94,3.4717557251908393,Normal,0-25%,0-3h
A-104,6,2026-07-04 17:54:49,0.5,52.49584,13.03279,5.18,11.0,False,4.321,28.462,27.29,shipment_A-104.csv,simulated_prototype,0,-5.82,4.166412213740458,Normal,0-25%,0-3h
A-104,7,2026-07-04 17:59:49,0.583,52.4912,12.97148,5.17,11.0,False,4.244,32.706,31.84,shipment_A-104.csv,simulated_prototype,0,-5.83,4.861068702290076,Normal,0-25%,0-3h
A-104,8,2026-07-04 18:04:49,0.667,52.48696,12.90972,4.95,11.0,False,4.31,37.016,36.39,shipment_A-104.csv,simulated_prototype,0,-6.05,5.555725190839695,Normal,0-25%,0-3h
A-104,9,2026-07-04 18:09:49,0.75,52.48295,12.84757,5.33,11.0,False,4.144,41.16,40.94,shipment_A-104.csv,simulated_prototype,0,-5.67,6.250381679389312,Normal,0-25%,0-3h
A-104,10,2026-07-04 18:14:49,0.833,52.47893,12.78439,5.19,11.0,False,3.819,44.979,45.49,shipment_A-104.csv,simulated_prototype,0,-5.81,6.9450381679389315,Normal,0-25%,0-3h
A-104,11,2026-07-04 18:19:49,0.917,52.47412,12.72248,5.35,11.0,False,3.948,48.927,50.03,shipment_A-104.csv,simulated_prototype,0,-5.65,7.638167938931298,Normal,0-25%,0-3h
A-104,12,2026-07-04 18:24:49,1.0,52.47056,12.66086,5.11,11.0,False,3.941,52.868,54.58,shipment_A-104.csv,simulated_prototype,0,-5.89,8.332824427480915,Normal,0-25%,0-3h
A-104,13,2026-07-04 18:29:49,1.083,52.46686,12.59928,5.32,11.0,False,4.165,57.033,59.13,shipment_A-104.csv,simulated_prototype,0,-5.68,9.027480916030536,Normal,0-25%,0-3h
A-104,14,2026-07-04 18:34:49,1.167,52.46162,12.5374,5.33,11.0,False,4.414,61.447,63.68,shipment_A-104.csv,simulated_prototype,0,-5.67,9.722137404580153,Normal,0-25%,0-3h
A-104,15,2026-07-04 18:39:49,1.25,52.45816,12.47516,5.41,11.0,False,4.215,65.662,68.23,shipment_A-104.csv,simulated_prototype,0,-5.59,10.416793893129771,Normal,0-25%,0-3h
A-104,16,2026-07-04 18:44:49,1.333,52.45432,12.41348,5.27,11.0,False,3.973,69.635,72.78,shipment_A-104.csv,simulated_prototype,0,-5.73,11.11145038167939,Normal,0-25%,0-3h
A-104,17,2026-07-04 18:49:49,1.417,52.44935,12.35067,5.33,11.0,False,4.384,74.019,77.33,shipment_A-104.csv,simulated_prototype,0,-5.67,11.806106870229009,Normal,0-25%,0-3h
A-104,18,2026-07-04 18:54:49,1.5,52.44609,12.28882,5.18,11.0,False,4.365,78.384,81.88,shipment_A-104.csv,simulated_prototype,0,-5.82,12.500763358778624,Normal,0-25%,0-3h
A-104,19,2026-07-04 18:59:49,1.583,52.44135,12.22675,5.14,11.0,False,3.928,82.312,86.42,shipment_A-104.csv,simulated_prototype,0,-5.86,13.193893129770991,Normal,0-25%,0-3h
A-104,20,2026-07-04 19:04:49,1.667,52.43737,12.16476,4.95,11.0,False,4.028,86.34,90.97,shipment_A-104.csv,simulated_prototype,0,-6.05,13.888549618320612,Normal,0-25%,0-3h
A-104,21,2026-07-04 19:09:49,1.75,52.43274,12.10382,5.12,11.0,False,4.1,90.44,95.52,shipment_A-104.csv,simulated_prototype,0,-5.88,14.583206106870229,Normal,0-25%,0-3h
A-104,22,2026-07-04 19:14:49,1.833,52.42842,12.04045,5.57,11.0,False,4.285,94.725,100.07,shipment_A-104.csv,simulated_prototype,0,-5.43,15.277862595419847,Normal,0-25%,0-3h
A-104,23,2026-07-04 19:19:49,1.917,52.42476,11.97848,5.54,11.0,False,4.016,98.741,104.62,shipment_A-104.csv,simulated_prototype,0,-5.46,15.972519083969466,Normal,0-25%,0-3h
A-104,24,2026-07-04 19:24:49,2.0,52.42145,11.91716,5.77,11.0,False,3.774,102.515,109.17,shipment_A-104.csv,simulated_prototype,0,-5.23,16.66717557251908,Normal,0-25%,0-3h
A-104,25,2026-07-04 19:29:49,2.083,52.41692,11.85538,5.32,11.0,False,4.118,106.633,113.72,shipment_A-104.csv,simulated_prototype,0,-5.68,17.361832061068704,Normal,0-25%,0-3h
A-104,26,2026-07-04 19:34:49,2.167,52.41213,11.79333,5.57,11.0,False,4.063,110.696,118.26,shipment_A-104.csv,simulated_prototype,0,-5.43,18.05496183206107,Normal,0-25%,0-3h
A-104,27,2026-07-04 19:39:49,2.25,52.40898,11.73167,5.55,11.0,False,3.939,114.635,122.81,shipment_A-104.csv,simulated_prototype,0,-5.45,18.749618320610686,Normal,0-25%,0-3h
A-104,28,2026-07-04 19:44:49,2.333,52.40419,11.66867,5.77,11.0,False,3.962,118.597,127.36,shipment_A-104.csv,simulated_prototype,0,-5.23,19.444274809160305,Normal,0-25%,0-3h
A-104,29,2026-07-04 19:49:49,2.417,52.40025,11.6073,5.23,11.0,False,3.866,122.463,131.91,shipment_A-104.csv,simulated_prototype,0,-5.77,20.138931297709924,Normal,0-25%,0-3h
A-104,30,2026-07-04 19:54:49,2.5,52.3963,11.5452,5.5,11.0,False,3.767,126.23,136.46,shipment_A-104.csv,simulated_prototype,0,-5.5,20.833587786259542,Normal,0-25%,0-3h
A-104,31,2026-07-04 19:59:49,2.583,52.39153,11.48246,5.22,11.0,False,4.375,130.605,141.01,shipment_A-104.csv,simulated_prototype,0,-5.78,21.528244274809158,Normal,0-25%,0-3h
A-104,32,2026-07-04 20:04:49,2.667,52.38819,11.42163,5.45,11.0,False,4.341,134.946,145.56,shipment_A-104.csv,simulated_prototype,0,-5.55,22.22290076335878,Normal,0-25%,0-3h
A-104,33,2026-07-04 20:09:49,2.75,52.38415,11.35856,5.55,11.0,False,4.085,139.031,150.1,shipment_A-104.csv,simulated_prototype,0,-5.45,22.916030534351144,Normal,0-25%,0-3h
A-104,34,2026-07-04 20:14:49,2.833,52.37875,11.29754,5.5,11.0,False,4.078,143.109,154.65,shipment_A-104.csv,simulated_prototype,0,-5.5,23.610687022900763,Normal,0-25%,0-3h
A-104,35,2026-07-04 20:19:49,2.917,52.37531,11.23483,5.4,11.0,False,4.338,147.447,159.2,shipment_A-104.csv,simulated_prototype,0,-5.6,24.30534351145038,Normal,0-25%,0-3h
A-104,36,2026-07-04 20:24:49,3.0,52.37099,11.17276,5.2,11.0,False,3.898,151.345,163.75,shipment_A-104.csv,simulated_prototype,0,-5.8,25.0,Normal,0-25%,0-3h
A-104,37,2026-07-04 20:29:49,3.083,52.36669,11.11189,5.44,11.0,False,4.192,155.537,168.3,shipment_A-104.csv,simulated_prototype,0,-5.56,25.694656488549622,Normal,25-50%,3-6h
A-104,38,2026-07-04 20:34:49,3.167,52.36274,11.04921,5.63,11.0,False,3.988,159.525,172.85,shipment_A-104.csv,simulated_prototype,0,-5.37,26.389312977099237,Normal,25-50%,3-6h
A-104,39,2026-07-04 20:39:49,3.25,52.35882,10.9868,5.63,11.0,False,3.91,163.435,177.4,shipment_A-104.csv,simulated_prototype,0,-5.37,27.083969465648856,Normal,25-50%,3-6h
A-104,40,2026-07-04 20:44:49,3.333,52.35394,10.92538,5.6,11.0,False,4.329,167.764,181.94,shipment_A-104.csv,simulated_prototype,0,-5.4,27.777099236641224,Normal,25-50%,3-6h
A-104,41,2026-07-04 20:49:49,3.417,52.3498,10.86282,5.98,11.0,False,4.204,171.968,186.49,shipment_A-104.csv,simulated_prototype,0,-5.02,28.47175572519084,Normal,25-50%,3-6h
A-104,42,2026-07-04 20:54:49,3.5,52.34587,10.80067,5.8,11.0,False,4.076,176.044,191.04,shipment_A-104.csv,simulated_prototype,0,-5.2,29.166412213740458,Normal,25-50%,3-6h
A-104,43,2026-07-04 20:59:49,3.583,52.34256,10.73965,5.46,11.0,False,3.891,179.935,195.59,shipment_A-104.csv,simulated_prototype,0,-5.54,29.861068702290076,Normal,25-50%,3-6h
A-104,44,2026-07-04 21:04:49,3.667,52.33743,10.67711,5.37,11.0,False,4.244,184.179,200.14,shipment_A-104.csv,simulated_prototype,0,-5.63,30.555725190839695,Normal,25-50%,3-6h
A-104,45,2026-07-04 21:09:49,3.75,52.33412,10.61592,5.68,11.0,False,3.831,188.01,204.69,shipment_A-104.csv,simulated_prototype,0,-5.32,31.25038167938931,Normal,25-50%,3-6h
A-104,46,2026-07-04 21:14:49,3.833,52.3296,10.55299,5.68,11.0,False,3.891,191.901,209.24,shipment_A-104.csv,simulated_prototype,0,-5.32,31.945038167938932,Normal,25-50%,3-6h
A-104,47,2026-07-04 21:19:49,3.917,52.32553,10.49112,5.47,11.0,False,3.949,195.85,213.78,shipment_A-104.csv,simulated_prototype,0,-5.53,32.6381679389313,Normal,25-50%,3-6h
A-104,48,2026-07-04 21:24:49,4.0,52.32111,10.42984,5.21,11.0,False,4.127,199.977,218.33,shipment_A-104.csv,simulated_prototype,0,-5.79,33.332824427480915,Normal,25-50%,3-6h
A-104,49,2026-07-04 21:29:49,4.083,52.31668,10.36796,5.73,11.0,False,4.314,204.291,222.88,shipment_A-104.csv,simulated_prototype,0,-5.27,34.027480916030534,Normal,25-50%,3-6h
A-104,50,2026-07-04 21:34:49,4.167,52.31387,10.30586,5.66,11.0,False,4.084,208.375,227.43,shipment_A-104.csv,simulated_prototype,0,-5.34,34.72213740458015,Normal,25-50%,3-6h
A-104,51,2026-07-04 21:39:49,4.25,52.30865,10.24311,5.5,11.0,False,3.805,212.18,231.98,shipment_A-104.csv,simulated_prototype,0,-5.5,35.41679389312977,Normal,25-50%,3-6h
A-104,52,2026-07-04 21:44:49,4.333,52.30475,10.18195,5.56,11.0,False,4.064,216.244,236.53,shipment_A-104.csv,simulated_prototype,0,-5.44,36.11145038167939,Normal,25-50%,3-6h
A-104,53,2026-07-04 21:49:49,4.417,52.30068,10.11992,5.95,11.0,False,4.418,220.662,241.08,shipment_A-104.csv,simulated_prototype,0,-5.05,36.80610687022901,Normal,25-50%,3-6h
A-104,54,2026-07-04 21:54:49,4.5,52.29673,10.05758,5.69,11.0,False,4.401,225.063,245.62,shipment_A-104.csv,simulated_prototype,0,-5.31,37.49923664122137,Normal,25-50%,3-6h
A-104,55,2026-07-04 21:59:49,4.583,52.29263,9.99533,5.74,11.0,False,4.256,229.319,250.17,shipment_A-104.csv,simulated_prototype,0,-5.26,38.19389312977099,Normal,25-50%,3-6h
A-104,56,2026-07-04 22:04:49,4.667,52.28774,9.93339,5.21,11.0,False,3.869,233.188,254.72,shipment_A-104.csv,simulated_prototype,0,-5.79,38.88854961832061,Normal,25-50%,3-6h
A-104,57,2026-07-04 22:09:49,4.75,52.28491,9.87067,5.59,11.0,False,3.888,237.076,259.27,shipment_A-104.csv,simulated_prototype,0,-5.41,39.58320610687023,Normal,25-50%,3-6h
A-104,58,2026-07-04 22:14:49,4.833,52.28024,9.80953,5.61,11.0,False,4.349,241.425,263.82,shipment_A-104.csv,simulated_prototype,0,-5.39,40.27786259541985,Normal,25-50%,3-6h
A-104,59,2026-07-04 22:19:49,4.917,52.2756,9.74742,5.7,11.0,False,4.172,245.597,268.37,shipment_A-104.csv,simulated_prototype,0,-5.3,40.972519083969466,Normal,25-50%,3-6h
A-104,60,2026-07-04 22:24:49,5.0,52.27172,9.68541,5.13,11.0,False,3.9,249.497,272.92,shipment_A-104.csv,simulated_prototype,0,-5.87,41.667175572519085,Normal,25-50%,3-6h
A-104,61,2026-07-04 22:29:49,5.083,52.26801,9.62292,5.53,11.0,False,4.025,253.522,277.47,shipment_A-104.csv,simulated_prototype,0,-5.47,42.361832061068704,Normal,25-50%,3-6h
A-104,62,2026-07-04 22:34:49,5.167,52.26381,9.56101,5.45,11.0,False,3.814,257.336,282.01,shipment_A-104.csv,simulated_prototype,0,-5.55,43.05496183206107,Normal,25-50%,3-6h
A-104,63,2026-07-04 22:39:49,5.25,52.25936,9.50002,5.89,11.0,False,4.419,261.755,286.56,shipment_A-104.csv,simulated_prototype,0,-5.11,43.749618320610686,Normal,25-50%,3-6h
A-104,64,2026-07-04 22:44:49,5.333,52.25467,9.4369,5.54,11.0,False,4.343,266.098,291.11,shipment_A-104.csv,simulated_prototype,0,-5.46,44.444274809160305,Normal,25-50%,3-6h
A-104,65,2026-07-04 22:49:49,5.417,52.2517,9.37513,6.04,11.0,False,3.87,269.968,295.66,shipment_A-104.csv,simulated_prototype,0,-4.96,45.13893129770993,Normal,25-50%,3-6h
A-104,66,2026-07-04 22:54:49,5.5,52.2475,9.31361,5.12,11.0,False,4.195,274.163,300.21,shipment_A-104.csv,simulated_prototype,0,-5.88,45.833587786259535,Normal,25-50%,3-6h
A-104,67,2026-07-04 22:59:49,5.583,52.24217,9.25178,5.19,11.0,False,3.962,278.125,304.76,shipment_A-104.csv,simulated_prototype,0,-5.81,46.52824427480916,Normal,25-50%,3-6h
A-104,68,2026-07-04 23:04:49,5.667,52.23898,9.18996,5.63,11.0,False,3.836,281.961,309.31,shipment_A-104.csv,simulated_prototype,0,-5.37,47.22290076335878,Normal,25-50%,3-6h
A-104,69,2026-07-04 23:09:49,5.75,52.23469,9.12701,5.63,11.0,False,4.162,286.123,313.85,shipment_A-104.csv,simulated_prototype,0,-5.37,47.91603053435115,Normal,25-50%,3-6h
A-104,70,2026-07-04 23:14:49,5.833,52.23079,9.06491,5.45,11.0,False,4.086,290.209,318.4,shipment_A-104.csv,simulated_prototype,0,-5.55,48.61068702290076,Normal,25-50%,3-6h
A-104,71,2026-07-04 23:19:49,5.917,52.22692,9.00384,5.43,11.0,False,3.827,294.036,322.95,shipment_A-104.csv,simulated_prototype,0,-5.57,49.30534351145038,Normal,25-50%,3-6h
A-104,72,2026-07-04 23:24:49,6.0,52.22209,8.94103,5.88,11.0,False,4.184,298.22,327.5,shipment_A-104.csv,simulated_prototype,0,-5.12,50.0,Normal,25-50%,3-6h
A-104,73,2026-07-04 23:29:49,6.083,52.21772,8.8797,5.53,11.0,False,4.128,302.348,332.05,shipment_A-104.csv,simulated_prototype,0,-5.47,50.69465648854962,Normal,50-75%,6-9h
A-104,74,2026-07-04 23:34:49,6.167,52.21382,8.81665,5.89,11.0,False,4.358,306.706,336.6,shipment_A-104.csv,simulated_prototype,0,-5.11,51.389312977099245,Normal,50-75%,6-9h
A-104,75,2026-07-04 23:39:49,6.25,52.20986,8.75585,5.7,11.0,False,4.148,310.854,341.15,shipment_A-104.csv,simulated_prototype,0,-5.3,52.08396946564885,Normal,50-75%,6-9h
A-104,76,2026-07-04 23:44:49,6.333,52.20515,8.69283,5.35,11.0,False,4.288,315.142,345.69,shipment_A-104.csv,simulated_prototype,0,-5.65,52.77709923664122,Normal,50-75%,6-9h
A-104,77,2026-07-04 23:49:49,6.417,52.20204,8.63195,5.89,11.0,False,3.904,319.046,350.24,shipment_A-104.csv,simulated_prototype,0,-5.11,53.47175572519084,Normal,50-75%,6-9h
A-104,78,2026-07-04 23:54:49,6.5,52.19702,8.56881,5.56,11.0,False,4.032,323.078,354.79,shipment_A-104.csv,simulated_prototype,0,-5.44,54.16641221374046,Normal,50-75%,6-9h
A-104,79,2026-07-04 23:59:49,6.583,52.19342,8.50689,5.06,11.0,False,4.375,327.453,359.34,shipment_A-104.csv,simulated_prototype,0,-5.94,54.86106870229007,Normal,50-75%,6-9h
A-104,80,2026-07-05 00:04:49,6.667,52.18964,8.44608,5.61,11.0,False,3.782,331.235,363.89,shipment_A-104.csv,simulated_prototype,0,-5.39,55.55572519083969,Normal,50-75%,6-9h
A-104,81,2026-07-05 00:09:49,6.75,52.18532,8.38315,5.07,11.0,False,4.376,335.611,368.44,shipment_A-104.csv,simulated_prototype,0,-5.93,56.250381679389314,Normal,50-75%,6-9h
A-104,82,2026-07-05 00:14:49,6.833,52.18127,8.32192,5.5,11.0,False,4.282,339.893,372.99,shipment_A-104.csv,simulated_prototype,0,-5.5,56.94503816793893,Normal,50-75%,6-9h
A-104,83,2026-07-05 00:19:49,6.917,52.17614,8.25994,5.28,11.0,False,4.329,344.222,377.53,shipment_A-104.csv,simulated_prototype,0,-5.72,57.638167938931296,Normal,50-75%,6-9h
A-104,84,2026-07-05 00:24:49,7.0,52.17217,8.19786,5.25,11.0,False,4.287,348.509,382.08,shipment_A-104.csv,simulated_prototype,0,-5.75,58.332824427480915,Normal,50-75%,6-9h
A-104,85,2026-07-05 00:29:49,7.083,52.16804,8.13473,5.44,11.0,False,3.893,352.402,386.63,shipment_A-104.csv,simulated_prototype,0,-5.56,59.02748091603054,Normal,50-75%,6-9h
A-104,86,2026-07-05 00:34:49,7.167,52.16405,8.07394,5.55,11.0,False,4.186,356.588,391.18,shipment_A-104.csv,simulated_prototype,0,-5.45,59.72213740458015,Normal,50-75%,6-9h
A-104,87,2026-07-05 00:39:49,7.25,52.16001,8.01212,5.34,11.0,False,4.117,360.705,395.73,shipment_A-104.csv,simulated_prototype,0,-5.66,60.41679389312977,Normal,50-75%,6-9h
A-104,88,2026-07-05 00:44:49,7.333,52.15666,7.94887,5.48,11.0,False,4.397,365.102,400.28,shipment_A-104.csv,simulated_prototype,0,-5.52,61.11145038167939,Normal,50-75%,6-9h
A-104,89,2026-07-05 00:49:49,7.417,52.15155,7.88687,5.32,11.0,False,4.051,369.153,404.83,shipment_A-104.csv,simulated_prototype,0,-5.68,61.806106870229,Normal,50-75%,6-9h
A-104,90,2026-07-05 00:54:49,7.5,52.14808,7.82517,5.15,11.0,False,4.019,373.172,409.38,shipment_A-104.csv,simulated_prototype,0,-5.85,62.50076335877862,Normal,50-75%,6-9h
A-104,91,2026-07-05 00:59:49,7.583,52.14372,7.76309,5.32,11.0,False,4.231,377.403,413.92,shipment_A-104.csv,simulated_prototype,0,-5.68,63.193893129771,Normal,50-75%,6-9h
A-104,92,2026-07-05 01:04:49,7.667,52.13876,7.70206,5.66,11.0,False,4.252,381.655,418.47,shipment_A-104.csv,simulated_prototype,0,-5.34,63.88854961832061,Normal,50-75%,6-9h
A-104,93,2026-07-05 01:09:49,7.75,52.13559,7.63926,6.39,11.0,False,3.812,385.467,423.02,shipment_A-104.csv,simulated_prototype,0,-4.61,64.58320610687022,Normal,50-75%,6-9h
A-104,94,2026-07-05 01:14:49,7.833,52.13144,7.57721,6.78,11.0,False,4.238,389.705,427.57,shipment_A-104.csv,simulated_prototype,0,-4.22,65.27786259541985,Normal,50-75%,6-9h
A-104,95,2026-07-05 01:19:49,7.917,52.12678,7.51519,7.72,11.0,False,4.034,393.739,432.12,shipment_A-104.csv,simulated_prototype,0,-3.2800000000000002,65.97251908396946,Normal,50-75%,6-9h
A-104,96,2026-07-05 01:24:49,8.0,52.12279,7.45317,7.89,11.0,False,4.382,398.121,436.67,shipment_A-104.csv,simulated_prototype,0,-3.1100000000000003,66.66717557251908,Normal,50-75%,6-9h
A-104,97,2026-07-05 01:29:49,8.083,52.11905,7.39205,8.23,11.0,False,4.169,402.29,441.22,shipment_A-104.csv,simulated_prototype,0,-2.7699999999999996,67.36183206106871,Normal,50-75%,6-9h
A-104,98,2026-07-05 01:34:49,8.167,52.11437,7.32955,8.52,11.0,False,4.048,406.338,445.76,shipment_A-104.csv,simulated_prototype,0,-2.4800000000000004,68.05496183206107,Normal,50-75%,6-9h
A-104,99,2026-07-05 01:39:49,8.25,52.11064,7.2677,8.56,11.0,False,4.071,410.409,450.31,shipment_A-104.csv,simulated_prototype,0,-2.4399999999999995,68.74961832061068,Normal,50-75%,6-9h
A-104,100,2026-07-05 01:44:49,8.333,52.10631,7.20507,8.27,11.0,False,4.288,414.697,454.86,shipment_A-104.csv,simulated_prototype,0,-2.7300000000000004,69.4442748091603,Normal,50-75%,6-9h
A-104,101,2026-07-05 01:49:49,8.417,52.10178,7.14289,8.83,11.0,False,4.104,418.801,459.41,shipment_A-104.csv,simulated_prototype,0,-2.17,70.13893129770993,Normal,50-75%,6-9h
A-104,102,2026-07-05 01:54:49,8.5,52.09831,7.08126,8.88,11.0,False,4.207,423.008,463.96,shipment_A-104.csv,simulated_prototype,0,-2.119999999999999,70.83358778625954,Normal,50-75%,6-9h
A-104,103,2026-07-05 01:59:49,8.583,52.09358,7.01907,8.34,11.0,False,3.782,426.79,468.51,shipment_A-104.csv,simulated_prototype,0,-2.66,71.52824427480915,Normal,50-75%,6-9h
A-104,104,2026-07-05 02:04:49,8.667,52.08948,6.95747,8.53,11.0,False,4.038,430.828,473.06,shipment_A-104.csv,simulated_prototype,0,-2.4700000000000006,72.22290076335878,Normal,50-75%,6-9h
A-104,105,2026-07-05 02:09:49,8.75,52.0859,6.89507,8.18,11.0,False,4.222,435.05,477.6,shipment_A-104.csv,simulated_prototype,0,-2.8200000000000003,72.91603053435115,Normal,50-75%,6-9h
A-104,106,2026-07-05 02:14:49,8.833,52.08156,6.83315,7.93,11.0,False,4.258,439.308,482.15,shipment_A-104.csv,simulated_prototype,0,-3.0700000000000003,73.61068702290076,Normal,50-75%,6-9h
A-104,107,2026-07-05 02:19:49,8.917,52.07783,6.77095,7.56,11.0,False,4.045,443.353,486.7,shipment_A-104.csv,simulated_prototype,0,-3.4400000000000004,74.30534351145039,Normal,50-75%,6-9h
A-104,108,2026-07-05 02:24:49,9.0,52.07283,6.71019,7.1,11.0,False,3.929,447.282,491.25,shipment_A-104.csv,simulated_prototype,0,-3.9000000000000004,75.0,Normal,50-75%,6-9h
A-104,109,2026-07-05 02:29:49,9.083,52.06967,6.64747,6.69,11.0,False,4.291,451.573,495.8,shipment_A-104.csv,simulated_prototype,0,-4.31,75.69465648854961,Normal,75-100%,9-12h
A-104,110,2026-07-05 02:34:49,9.167,52.06527,6.58624,5.8,11.0,False,4.35,455.923,500.35,shipment_A-104.csv,simulated_prototype,0,-5.2,76.38931297709924,Normal,75-100%,9-12h
A-104,111,2026-07-05 02:39:49,9.25,52.06105,6.52386,5.41,11.0,False,4.097,460.02,504.9,shipment_A-104.csv,simulated_prototype,0,-5.59,77.08396946564885,Normal,75-100%,9-12h
A-104,112,2026-07-05 02:44:49,9.333,52.05723,6.46161,5.41,11.0,False,4.077,464.097,509.44,shipment_A-104.csv,simulated_prototype,0,-5.59,77.77709923664122,Normal,75-100%,9-12h
A-104,113,2026-07-05 02:49:49,9.417,52.05227,6.39918,4.76,11.0,False,4.184,468.281,513.99,shipment_A-104.csv,simulated_prototype,0,-6.24,78.47175572519085,Normal,75-100%,9-12h
A-104,114,2026-07-05 02:54:49,9.5,52.04887,6.33758,4.83,11.0,False,3.817,472.098,518.54,shipment_A-104.csv,simulated_prototype,0,-6.17,79.16641221374046,Normal,75-100%,9-12h
A-104,115,2026-07-05 02:59:49,9.583,52.04404,6.27523,4.81,11.0,False,3.976,476.074,523.09,shipment_A-104.csv,simulated_prototype,0,-6.19,79.86106870229008,Normal,75-100%,9-12h
A-104,116,2026-07-05 03:04:49,9.667,52.04027,6.21304,4.95,11.0,False,4.229,480.303,527.64,shipment_A-104.csv,simulated_prototype,0,-6.05,80.5557251908397,Normal,75-100%,9-12h
A-104,117,2026-07-05 03:09:49,9.75,52.03545,6.15144,5.2,11.0,False,4.122,484.425,532.19,shipment_A-104.csv,simulated_prototype,0,-5.8,81.25038167938932,Normal,75-100%,9-12h
A-104,118,2026-07-05 03:14:49,9.833,52.03182,6.08915,4.5,11.0,False,4.149,488.574,536.74,shipment_A-104.csv,simulated_prototype,0,-6.5,81.94503816793893,Normal,75-100%,9-12h
A-104,119,2026-07-05 03:19:49,9.917,52.02808,6.02809,5.07,11.0,False,4.268,492.842,541.28,shipment_A-104.csv,simulated_prototype,0,-5.93,82.63816793893129,Normal,75-100%,9-12h
A-104,120,2026-07-05 03:24:49,10.0,52.02349,5.96487,4.64,11.0,False,4.325,497.167,545.83,shipment_A-104.csv,simulated_prototype,0,-6.36,83.33282442748093,Normal,75-100%,9-12h
A-104,121,2026-07-05 03:29:49,10.083,52.02018,5.90347,5.1,11.0,False,4.256,501.423,550.38,shipment_A-104.csv,simulated_prototype,0,-5.9,84.02748091603054,Normal,75-100%,9-12h
A-104,122,2026-07-05 03:34:49,10.167,52.01546,5.84174,4.84,11.0,False,4.052,505.475,554.93,shipment_A-104.csv,simulated_prototype,0,-6.16,84.72213740458014,Normal,75-100%,9-12h
A-104,123,2026-07-05 03:39:49,10.25,52.01058,5.77936,4.93,11.0,False,4.211,509.686,559.48,shipment_A-104.csv,simulated_prototype,0,-6.07,85.41679389312978,Normal,75-100%,9-12h
A-104,124,2026-07-05 03:44:49,10.333,52.00698,5.71712,4.68,11.0,False,4.174,513.86,564.03,shipment_A-104.csv,simulated_prototype,0,-6.32,86.11145038167939,Normal,75-100%,9-12h
A-104,125,2026-07-05 03:49:49,10.417,52.0023,5.65545,4.79,11.0,False,4.136,517.996,568.58,shipment_A-104.csv,simulated_prototype,0,-6.21,86.80610687022902,Normal,75-100%,9-12h
A-104,126,2026-07-05 03:54:49,10.5,51.99817,5.59382,4.9,11.0,False,3.799,521.795,573.12,shipment_A-104.csv,simulated_prototype,0,-6.1,87.49923664122137,Normal,75-100%,9-12h
A-104,127,2026-07-05 03:59:49,10.583,51.99454,5.5312,4.9,11.0,False,3.98,525.775,577.67,shipment_A-104.csv,simulated_prototype,0,-6.1,88.19389312977098,Normal,75-100%,9-12h
A-104,128,2026-07-05 04:04:49,10.667,51.99095,5.46945,4.72,11.0,False,3.931,529.706,582.22,shipment_A-104.csv,simulated_prototype,0,-6.28,88.88854961832061,Normal,75-100%,9-12h
A-104,129,2026-07-05 04:09:49,10.75,51.98584,5.40693,4.33,11.0,False,4.12,533.826,586.77,shipment_A-104.csv,simulated_prototype,0,-6.67,89.58320610687022,Normal,75-100%,9-12h
A-104,130,2026-07-05 04:14:49,10.833,51.98303,5.34542,4.48,11.0,False,4.193,538.019,591.32,shipment_A-104.csv,simulated_prototype,0,-6.52,90.27786259541986,Normal,75-100%,9-12h
A-104,131,2026-07-05 04:19:49,10.917,51.97854,5.28428,4.39,11.0,False,3.897,541.916,595.87,shipment_A-104.csv,simulated_prototype,0,-6.61,90.97251908396946,Normal,75-100%,9-12h
A-104,132,2026-07-05 04:24:49,11.0,51.97334,5.22114,4.87,11.0,False,4.136,546.052,600.42,shipment_A-104.csv,simulated_prototype,0,-6.13,91.66717557251907,Normal,75-100%,9-12h
A-104,133,2026-07-05 04:29:49,11.083,51.96949,5.15993,4.86,11.0,False,4.269,550.321,604.97,shipment_A-104.csv,simulated_prototype,0,-6.14,92.36183206106871,Normal,75-100%,9-12h
A-104,134,2026-07-05 04:34:49,11.167,51.96528,5.09781,4.63,11.0,False,4.303,554.624,609.51,shipment_A-104.csv,simulated_prototype,0,-6.37,93.05496183206107,Normal,75-100%,9-12h
A-104,135,2026-07-05 04:39:49,11.25,51.96229,5.03509,4.52,11.0,False,3.783,558.407,614.06,shipment_A-104.csv,simulated_prototype,0,-6.48,93.74961832061068,Normal,75-100%,9-12h
A-104,136,2026-07-05 04:44:49,11.333,51.95722,4.97392,4.8,11.0,False,4.235,562.642,618.61,shipment_A-104.csv,simulated_prototype,0,-6.2,94.4442748091603,Normal,75-100%,9-12h
A-104,137,2026-07-05 04:49:49,11.417,51.95274,4.91194,4.54,11.0,False,4.177,566.819,623.16,shipment_A-104.csv,simulated_prototype,0,-6.46,95.13893129770992,Normal,75-100%,9-12h
A-104,138,2026-07-05 04:54:49,11.5,51.94864,4.85006,4.74,11.0,False,3.846,570.665,627.71,shipment_A-104.csv,simulated_prototype,0,-6.26,95.83358778625954,Normal,75-100%,9-12h
A-104,139,2026-07-05 04:59:49,11.583,51.94578,4.78808,4.35,11.0,False,3.994,574.659,632.26,shipment_A-104.csv,simulated_prototype,0,-6.65,96.52824427480915,Normal,75-100%,9-12h
A-104,140,2026-07-05 05:04:49,11.667,51.94084,4.72549,4.38,11.0,False,4.323,578.982,636.81,shipment_A-104.csv,simulated_prototype,0,-6.62,97.22290076335877,Normal,75-100%,9-12h
A-104,141,2026-07-05 05:09:49,11.75,51.93727,4.66312,4.54,11.0,False,4.396,583.378,641.35,shipment_A-104.csv,simulated_prototype,0,-6.46,97.91603053435115,Normal,75-100%,9-12h
A-104,142,2026-07-05 05:14:49,11.833,51.93287,4.60216,4.48,11.0,False,4.247,587.625,645.9,shipment_A-104.csv,simulated_prototype,0,-6.52,98.61068702290076,Normal,75-100%,9-12h
A-104,143,2026-07-05 05:19:49,11.917,51.92921,4.53936,4.32,11.0,False,4.296,591.921,650.45,shipment_A-104.csv,simulated_prototype,0,-6.68,99.30534351145039,Normal,75-100%,9-12h
A-104,144,2026-07-05 05:24:49,12.0,51.92446,4.47768,4.22,11.0,False,3.942,595.863,655.0,shipment_A-104.csv,simulated_prototype,0,-6.78,100.0,Normal,75-100%,9-12h
A-1041,0,2026-07-07 11:42:06,0.0,52.5201,13.40519,5.07,8.0,False,4.161,4.161,0.0,shipment_A-1041.csv,simulated_prototype,0,-2.9299999999999997,0.0,Normal,0-25%,0-3h
A-1041,1,2026-07-07 11:47:06,0.083,52.51643,13.34359,4.87,8.0,False,3.859,8.02,4.51,shipment_A-1041.csv,simulated_prototype,0,-3.13,0.6938461538461538,Normal,0-25%,0-3h
A-1041,2,2026-07-07 11:52:06,0.167,52.51195,13.28118,4.51,8.0,False,4.081,12.101,9.03,shipment_A-1041.csv,simulated_prototype,0,-3.49,1.3892307692307693,Normal,0-25%,0-3h
A-1041,3,2026-07-07 11:57:06,0.25,52.50751,13.21965,5.04,8.0,False,4.151,16.252,13.54,shipment_A-1041.csv,simulated_prototype,0,-2.96,2.083076923076923,Normal,0-25%,0-3h
A-1041,4,2026-07-07 12:02:06,0.333,52.50317,13.15674,5.0,8.0,False,4.132,20.384,18.06,shipment_A-1041.csv,simulated_prototype,0,-3.0,2.7784615384615385,Normal,0-25%,0-3h
A-1041,5,2026-07-07 12:07:06,0.417,52.49966,13.09492,5.09,8.0,False,4.288,24.672,22.57,shipment_A-1041.csv,simulated_prototype,0,-2.91,3.4723076923076928,Normal,0-25%,0-3h
A-1041,6,2026-07-07 12:12:06,0.5,52.4958,13.03311,5.06,8.0,False,3.774,28.446,27.08,shipment_A-1041.csv,simulated_prototype,0,-2.9400000000000004,4.166153846153846,Normal,0-25%,0-3h
A-1041,7,2026-07-07 12:17:06,0.583,52.49174,12.97072,5.03,8.0,False,3.876,32.322,31.6,shipment_A-1041.csv,simulated_prototype,0,-2.9699999999999998,4.861538461538462,Normal,0-25%,0-3h
A-1041,8,2026-07-07 12:22:06,0.667,52.48748,12.9094,5.26,8.0,False,3.895,36.217,36.11,shipment_A-1041.csv,simulated_prototype,0,-2.74,5.555384615384615,Normal,0-25%,0-3h
A-1041,9,2026-07-07 12:27:06,0.75,52.48245,12.84633,5.27,8.0,False,4.079,40.296,40.62,shipment_A-1041.csv,simulated_prototype,0,-2.7300000000000004,6.249230769230769,Normal,0-25%,0-3h
A-1041,10,2026-07-07 12:32:06,0.833,52.47836,12.7849,5.21,8.0,False,3.759,44.055,45.14,shipment_A-1041.csv,simulated_prototype,0,-2.79,6.9446153846153855,Normal,0-25%,0-3h
A-1041,11,2026-07-07 12:37:06,0.917,52.47504,12.72341,5.27,8.0,False,4.101,48.156,49.65,shipment_A-1041.csv,simulated_prototype,0,-2.7300000000000004,7.638461538461538,Normal,0-25%,0-3h
A-1041,12,2026-07-07 12:42:06,1.0,52.46982,12.66055,5.33,8.0,False,3.775,51.931,54.17,shipment_A-1041.csv,simulated_prototype,0,-2.67,8.333846153846155,Normal,0-25%,0-3h
A-1041,13,2026-07-07 12:47:06,1.083,52.46591,12.59863,5.34,8.0,False,3.863,55.794,58.68,shipment_A-1041.csv,simulated_prototype,0,-2.66,9.027692307692307,Normal,0-25%,0-3h
A-1041,14,2026-07-07 12:52:06,1.167,52.46232,12.53701,5.05,8.0,False,4.088,59.882,63.19,shipment_A-1041.csv,simulated_prototype,0,-2.95,9.721538461538461,Normal,0-25%,0-3h
A-1041,15,2026-07-07 12:57:06,1.25,52.45837,12.4748,5.28,8.0,False,3.783,63.665,67.71,shipment_A-1041.csv,simulated_prototype,0,-2.7199999999999998,10.416923076923077,Normal,0-25%,0-3h
A-1041,16,2026-07-07 13:02:06,1.333,52.4538,12.4129,5.28,8.0,False,4.305,67.97,72.22,shipment_A-1041.csv,simulated_prototype,0,-2.7199999999999998,11.11076923076923,Normal,0-25%,0-3h
A-1041,17,2026-07-07 13:07:06,1.417,52.44899,12.35114,5.18,8.0,False,4.026,71.996,76.74,shipment_A-1041.csv,simulated_prototype,0,-2.8200000000000003,11.806153846153846,Normal,0-25%,0-3h
A-1041,18,2026-07-07 13:12:06,1.5,52.44528,12.28965,5.26,8.0,False,4.059,76.055,81.25,shipment_A-1041.csv,simulated_prototype,0,-2.74,12.5,Normal,0-25%,0-3h
A-1041,19,2026-07-07 13:17:06,1.583,52.44158,12.22642,5.19,8.0,False,3.794,79.849,85.76,shipment_A-1041.csv,simulated_prototype,0,-2.8099999999999996,13.193846153846156,Normal,0-25%,0-3h
A-1041,20,2026-07-07 13:22:06,1.667,52.43742,12.16543,5.12,8.0,False,4.067,83.916,90.28,shipment_A-1041.csv,simulated_prototype,0,-2.88,13.889230769230771,Normal,0-25%,0-3h
A-1041,21,2026-07-07 13:27:06,1.75,52.4328,12.10364,5.39,8.0,False,4.363,88.279,94.79,shipment_A-1041.csv,simulated_prototype,0,-2.6100000000000003,14.583076923076923,Normal,0-25%,0-3h
A-1041,22,2026-07-07 13:32:06,1.833,52.42898,12.04042,5.06,8.0,False,3.949,92.228,99.31,shipment_A-1041.csv,simulated_prototype,0,-2.9400000000000004,15.278461538461539,Normal,0-25%,0-3h
A-1041,23,2026-07-07 13:37:06,1.917,52.4243,11.97866,5.58,8.0,False,4.2,96.428,103.82,shipment_A-1041.csv,simulated_prototype,0,-2.42,15.972307692307691,Normal,0-25%,0-3h
A-1041,24,2026-07-07 13:42:06,2.0,52.42091,11.91681,5.14,8.0,False,4.365,100.793,108.33,shipment_A-1041.csv,simulated_prototype,0,-2.8600000000000003,16.666153846153847,Normal,0-25%,0-3h
A-1041,25,2026-07-07 13:47:06,2.083,52.41707,11.85503,5.15,8.0,False,4.264,105.057,112.85,shipment_A-1041.csv,simulated_prototype,0,-2.8499999999999996,17.361538461538462,Normal,0-25%,0-3h
A-1041,26,2026-07-07 13:52:06,2.167,52.41307,11.79366,5.4,8.0,False,4.07,109.127,117.36,shipment_A-1041.csv,simulated_prototype,0,-2.5999999999999996,18.055384615384614,Normal,0-25%,0-3h
A-1041,27,2026-07-07 13:57:06,2.25,52.40883,11.73131,5.15,8.0,False,4.206,113.333,121.88,shipment_A-1041.csv,simulated_prototype,0,-2.8499999999999996,18.75076923076923,Normal,0-25%,0-3h
A-1041,28,2026-07-07 14:02:06,2.333,52.4038,11.66855,5.39,8.0,False,4.11,117.443,126.39,shipment_A-1041.csv,simulated_prototype,0,-2.6100000000000003,19.444615384615386,Normal,0-25%,0-3h
A-1041,29,2026-07-07 14:07:06,2.417,52.39962,11.60669,5.7,8.0,False,4.355,121.798,130.9,shipment_A-1041.csv,simulated_prototype,0,-2.3,20.138461538461538,Normal,0-25%,0-3h
A-1041,30,2026-07-07 14:12:06,2.5,52.3953,11.54576,5.49,8.0,False,4.385,126.183,135.42,shipment_A-1041.csv,simulated_prototype,0,-2.51,20.833846153846153,Normal,0-25%,0-3h
A-1041,31,2026-07-07 14:17:06,2.583,52.39204,11.48244,5.2,8.0,False,4.348,130.531,139.93,shipment_A-1041.csv,simulated_prototype,0,-2.8,21.52769230769231,Normal,0-25%,0-3h
A-1041,32,2026-07-07 14:22:06,2.667,52.38752,11.42176,5.52,8.0,False,3.763,134.294,144.44,shipment_A-1041.csv,simulated_prototype,0,-2.4800000000000004,22.22153846153846,Normal,0-25%,0-3h
A-1041,33,2026-07-07 14:27:06,2.75,52.38282,11.35956,5.38,8.0,False,4.252,138.546,148.96,shipment_A-1041.csv,simulated_prototype,0,-2.62,22.91692307692308,Normal,0-25%,0-3h
A-1041,34,2026-07-07 14:32:06,2.833,52.37898,11.29661,5.25,8.0,False,4.219,142.765,153.47,shipment_A-1041.csv,simulated_prototype,0,-2.75,23.61076923076923,Normal,0-25%,0-3h
A-1041,35,2026-07-07 14:37:06,2.917,52.37577,11.23584,5.77,8.0,False,4.228,146.993,157.99,shipment_A-1041.csv,simulated_prototype,0,-2.2300000000000004,24.306153846153848,Normal,0-25%,0-3h
A-1041,36,2026-07-07 14:42:06,3.0,52.37158,11.17248,5.91,8.0,False,4.14,151.133,162.5,shipment_A-1041.csv,simulated_prototype,0,-2.09,25.0,Normal,0-25%,0-3h
A-1041,37,2026-07-07 14:47:06,3.083,52.36671,11.11064,5.54,8.0,False,3.954,155.087,167.01,shipment_A-1041.csv,simulated_prototype,0,-2.46,25.69384615384615,Normal,25-50%,3-6h
A-1041,38,2026-07-07 14:52:06,3.167,52.3626,11.04918,5.4,8.0,False,3.791,158.878,171.53,shipment_A-1041.csv,simulated_prototype,0,-2.5999999999999996,26.38923076923077,Normal,25-50%,3-6h
A-1041,39,2026-07-07 14:57:06,3.25,52.35826,10.98665,5.58,8.0,False,3.803,162.681,176.04,shipment_A-1041.csv,simulated_prototype,0,-2.42,27.08307692307692,Normal,25-50%,3-6h
A-1041,40,2026-07-07 15:02:06,3.333,52.35443,10.92466,5.62,8.0,False,4.037,166.718,180.56,shipment_A-1041.csv,simulated_prototype,0,-2.38,27.778461538461542,Normal,25-50%,3-6h
A-1041,41,2026-07-07 15:07:06,3.417,52.35062,10.86282,5.31,8.0,False,3.753,170.471,185.07,shipment_A-1041.csv,simulated_prototype,0,-2.6900000000000004,28.47230769230769,Normal,25-50%,3-6h
A-1041,42,2026-07-07 15:12:06,3.5,52.34568,10.80097,5.46,8.0,False,3.937,174.408,189.58,shipment_A-1041.csv,simulated_prototype,0,-2.54,29.166153846153847,Normal,25-50%,3-6h
A-1041,43,2026-07-07 15:17:06,3.583,52.34263,10.7385,5.68,8.0,False,4.029,178.437,194.1,shipment_A-1041.csv,simulated_prototype,0,-2.3200000000000003,29.861538461538462,Normal,25-50%,3-6h
A-1041,44,2026-07-07 15:22:06,3.667,52.33784,10.6769,5.55,8.0,False,3.765,182.202,198.61,shipment_A-1041.csv,simulated_prototype,0,-2.45,30.555384615384618,Normal,25-50%,3-6h
A-1041,45,2026-07-07 15:27:06,3.75,52.33338,10.61591,5.43,8.0,False,3.962,186.164,203.12,shipment_A-1041.csv,simulated_prototype,0,-2.5700000000000003,31.249230769230767,Normal,25-50%,3-6h
A-1041,46,2026-07-07 15:32:06,3.833,52.32919,10.5539,5.27,8.0,False,3.953,190.117,207.64,shipment_A-1041.csv,simulated_prototype,0,-2.7300000000000004,31.944615384615382,Normal,25-50%,3-6h
A-1041,47,2026-07-07 15:37:06,3.917,52.32605,10.49057,5.19,8.0,False,3.892,194.009,212.15,shipment_A-1041.csv,simulated_prototype,0,-2.8099999999999996,32.63846153846154,Normal,25-50%,3-6h
A-1041,48,2026-07-07 15:42:06,4.0,52.32189,10.42926,5.64,8.0,False,4.307,198.316,216.67,shipment_A-1041.csv,simulated_prototype,0,-2.3600000000000003,33.33384615384615,Normal,25-50%,3-6h
A-1041,49,2026-07-07 15:47:06,4.083,52.31672,10.36742,5.4,8.0,False,3.86,202.176,221.18,shipment_A-1041.csv,simulated_prototype,0,-2.5999999999999996,34.027692307692305,Normal,25-50%,3-6h
A-1041,50,2026-07-07 15:52:06,4.167,52.31276,10.3058,5.26,8.0,False,3.922,206.098,225.69,shipment_A-1041.csv,simulated_prototype,0,-2.74,34.72153846153846,Normal,25-50%,3-6h
A-1041,51,2026-07-07 15:57:06,4.25,52.30939,10.24384,5.75,8.0,False,4.145,210.243,230.21,shipment_A-1041.csv,simulated_prototype,0,-2.25,35.41692307692308,Normal,25-50%,3-6h
A-1041,52,2026-07-07 16:02:06,4.333,52.30454,10.1815,5.94,8.0,False,4.026,214.269,234.72,shipment_A-1041.csv,simulated_prototype,0,-2.0599999999999996,36.11076923076923,Normal,25-50%,3-6h
A-1041,53,2026-07-07 16:07:06,4.417,52.30064,10.11868,5.49,8.0,False,4.237,218.506,239.24,shipment_A-1041.csv,simulated_prototype,0,-2.51,36.80615384615385,Normal,25-50%,3-6h
A-1041,54,2026-07-07 16:12:06,4.5,52.29616,10.05686,5.72,8.0,False,3.987,222.493,243.75,shipment_A-1041.csv,simulated_prototype,0,-2.2800000000000002,37.5,Normal,25-50%,3-6h
A-1041,55,2026-07-07 16:17:06,4.583,52.29248,9.9948,5.62,8.0,False,4.013,226.506,248.26,shipment_A-1041.csv,simulated_prototype,0,-2.38,38.19384615384615,Normal,25-50%,3-6h
A-1041,56,2026-07-07 16:22:06,4.667,52.28875,9.93269,5.76,8.0,False,4.325,230.831,252.78,shipment_A-1041.csv,simulated_prototype,0,-2.24,38.88923076923077,Normal,25-50%,3-6h
A-1041,57,2026-07-07 16:27:06,4.75,52.28484,9.87138,5.78,8.0,False,3.797,234.628,257.29,shipment_A-1041.csv,simulated_prototype,0,-2.2199999999999998,39.58307692307692,Normal,25-50%,3-6h
A-1041,58,2026-07-07 16:32:06,4.833,52.28064,9.80999,7.01,8.0,False,3.986,238.614,261.81,shipment_A-1041.csv,simulated_prototype,0,-0.9900000000000002,40.27846153846154,Watch,25-50%,3-6h
A-1041,59,2026-07-07 16:37:06,4.917,52.27609,9.74771,9.47,8.0,True,4.384,242.998,266.32,shipment_A-1041.csv,simulated_prototype,1,1.4700000000000006,40.972307692307695,High,25-50%,3-6h
A-1041,60,2026-07-07 16:42:06,5.0,52.27182,9.6853,11.56,8.0,True,4.091,247.089,270.83,shipment_A-1041.csv,simulated_prototype,1,3.5600000000000005,41.66615384615384,Critical,25-50%,3-6h
A-1041,61,2026-07-07 16:47:06,5.083,52.26738,9.62324,12.8,8.0,True,4.333,251.422,275.35,shipment_A-1041.csv,simulated_prototype,1,4.800000000000001,42.361538461538466,Critical,25-50%,3-6h
A-1041,62,2026-07-07 16:52:06,5.167,52.26318,9.56095,12.03,8.0,True,3.935,255.357,279.86,shipment_A-1041.csv,simulated_prototype,1,4.029999999999999,43.05538461538462,Critical,25-50%,3-6h
A-1041,63,2026-07-07 16:57:06,5.25,52.2599,9.49992,10.91,8.0,True,4.307,259.664,284.38,shipment_A-1041.csv,simulated_prototype,1,2.91,43.75076923076923,Critical,25-50%,3-6h
A-1041,64,2026-07-07 17:02:06,5.333,52.25573,9.43687,7.62,8.0,False,3.897,263.561,288.89,shipment_A-1041.csv,simulated_prototype,0,-0.3799999999999999,44.44461538461538,Watch,25-50%,3-6h
A-1041,65,2026-07-07 17:07:06,5.417,52.2513,9.37585,5.69,8.0,False,4.344,267.905,293.4,shipment_A-1041.csv,simulated_prototype,0,-2.3099999999999996,45.138461538461534,Normal,25-50%,3-6h
A-1041,66,2026-07-07 17:12:06,5.5,52.2468,9.31277,5.74,8.0,False,4.093,271.998,297.92,shipment_A-1041.csv,simulated_prototype,0,-2.26,45.83384615384616,Normal,25-50%,3-6h
A-1041,67,2026-07-07 17:17:06,5.583,52.24256,9.25179,5.6,8.0,False,4.16,276.158,302.43,shipment_A-1041.csv,simulated_prototype,0,-2.4000000000000004,46.527692307692305,Normal,25-50%,3-6h
A-1041,68,2026-07-07 17:22:06,5.667,52.23892,9.1898,5.42,8.0,False,3.966,280.124,306.94,shipment_A-1041.csv,simulated_prototype,0,-2.58,47.22153846153846,Normal,25-50%,3-6h
A-1041,69,2026-07-07 17:27:06,5.75,52.2343,9.12678,5.81,8.0,False,4.25,284.374,311.46,shipment_A-1041.csv,simulated_prototype,0,-2.1900000000000004,47.91692307692308,Normal,25-50%,3-6h
A-1041,70,2026-07-07 17:32:06,5.833,52.23105,9.06466,5.53,8.0,False,4.009,288.383,315.97,shipment_A-1041.csv,simulated_prototype,0,-2.4699999999999998,48.610769230769236,Normal,25-50%,3-6h
A-1041,71,2026-07-07 17:37:06,5.917,52.22607,9.00393,5.47,8.0,False,4.019,292.402,320.49,shipment_A-1041.csv,simulated_prototype,0,-2.5300000000000002,49.30615384615385,Normal,25-50%,3-6h
A-1041,72,2026-07-07 17:42:06,6.0,52.22222,8.94114,5.53,8.0,False,3.778,296.18,325.0,shipment_A-1041.csv,simulated_prototype,0,-2.4699999999999998,50.0,Normal,25-50%,3-6h
A-1041,73,2026-07-07 17:47:06,6.083,52.21736,8.87943,5.68,8.0,False,4.217,300.397,329.51,shipment_A-1041.csv,simulated_prototype,0,-2.3200000000000003,50.69384615384615,Normal,50-75%,6-9h
A-1041,74,2026-07-07 17:52:06,6.167,52.21417,8.81701,5.6,8.0,False,4.018,304.415,334.03,shipment_A-1041.csv,simulated_prototype,0,-2.4000000000000004,51.389230769230764,Normal,50-75%,6-9h
A-1041,75,2026-07-07 17:57:06,6.25,52.20955,8.7549,5.5,8.0,False,4.362,308.777,338.54,shipment_A-1041.csv,simulated_prototype,0,-2.5,52.08307692307692,Normal,50-75%,6-9h
A-1041,76,2026-07-07 18:02:06,6.333,52.20597,8.69284,5.66,8.0,False,3.98,312.757,343.06,shipment_A-1041.csv,simulated_prototype,0,-2.34,52.77846153846154,Normal,50-75%,6-9h
A-1041,77,2026-07-07 18:07:06,6.417,52.20123,8.63108,5.82,8.0,False,3.949,316.706,347.57,shipment_A-1041.csv,simulated_prototype,0,-2.1799999999999997,53.472307692307695,Normal,50-75%,6-9h
A-1041,78,2026-07-07 18:12:06,6.5,52.19751,8.56911,5.42,8.0,False,4.085,320.791,352.08,shipment_A-1041.csv,simulated_prototype,0,-2.58,54.16615384615384,Normal,50-75%,6-9h
A-1041,79,2026-07-07 18:17:06,6.583,52.19337,8.50712,5.43,8.0,False,4.301,325.092,356.6,shipment_A-1041.csv,simulated_prototype,0,-2.5700000000000003,54.86153846153846,Normal,50-75%,6-9h
A-1041,80,2026-07-07 18:22:06,6.667,52.18973,8.44562,5.36,8.0,False,4.144,329.236,361.11,shipment_A-1041.csv,simulated_prototype,0,-2.6399999999999997,55.55538461538462,Normal,50-75%,6-9h
A-1041,81,2026-07-07 18:27:06,6.75,52.18467,8.38291,5.51,8.0,False,4.084,333.32,365.62,shipment_A-1041.csv,simulated_prototype,0,-2.49,56.24923076923077,Normal,50-75%,6-9h
A-1041,82,2026-07-07 18:32:06,6.833,52.18041,8.3216,5.44,8.0,False,4.149,337.469,370.14,shipment_A-1041.csv,simulated_prototype,0,-2.5599999999999996,56.94461538461538,Normal,50-75%,6-9h
A-1041,83,2026-07-07 18:37:06,6.917,52.17626,8.25917,5.39,8.0,False,4.208,341.677,374.65,shipment_A-1041.csv,simulated_prototype,0,-2.6100000000000003,57.63846153846154,Normal,50-75%,6-9h
A-1041,84,2026-07-07 18:42:06,7.0,52.17324,8.19714,5.42,8.0,False,4.349,346.026,379.17,shipment_A-1041.csv,simulated_prototype,0,-2.58,58.33384615384616,Normal,50-75%,6-9h
A-1041,85,2026-07-07 18:47:06,7.083,52.16796,8.13565,5.22,8.0,False,3.791,349.817,383.68,shipment_A-1041.csv,simulated_prototype,0,-2.7800000000000002,59.027692307692305,Normal,50-75%,6-9h
A-1041,86,2026-07-07 18:52:06,7.167,52.16438,8.07377,5.68,8.0,False,4.095,353.912,388.19,shipment_A-1041.csv,simulated_prototype,0,-2.3200000000000003,59.72153846153846,Normal,50-75%,6-9h
A-1041,87,2026-07-07 18:57:06,7.25,52.16001,8.01161,5.2,8.0,False,4.159,358.071,392.71,shipment_A-1041.csv,simulated_prototype,0,-2.8,60.41692307692308,Normal,50-75%,6-9h
A-1041,88,2026-07-07 19:02:06,7.333,52.15618,7.94974,5.35,8.0,False,4.141,362.212,397.22,shipment_A-1041.csv,simulated_prototype,0,-2.6500000000000004,61.110769230769236,Normal,50-75%,6-9h
A-1041,89,2026-07-07 19:07:06,7.417,52.15243,7.88778,4.88,8.0,False,3.985,366.197,401.74,shipment_A-1041.csv,simulated_prototype,0,-3.12,61.80615384615385,Normal,50-75%,6-9h
A-1041,90,2026-07-07 19:12:06,7.5,52.14819,7.82524,5.53,8.0,False,4.32,370.517,406.25,shipment_A-1041.csv,simulated_prototype,0,-2.4699999999999998,62.5,Normal,50-75%,6-9h
A-1041,91,2026-07-07 19:17:06,7.583,52.14421,7.76372,4.96,8.0,False,4.061,374.578,410.76,shipment_A-1041.csv,simulated_prototype,0,-3.04,63.19384615384615,Normal,50-75%,6-9h
A-1041,92,2026-07-07 19:22:06,7.667,52.13917,7.70165,5.45,8.0,False,3.874,378.452,415.28,shipment_A-1041.csv,simulated_prototype,0,-2.55,63.889230769230764,Normal,50-75%,6-9h
A-1041,93,2026-07-07 19:27:06,7.75,52.13571,7.64004,5.17,8.0,False,3.871,382.323,419.79,shipment_A-1041.csv,simulated_prototype,0,-2.83,64.58307692307692,Normal,50-75%,6-9h
A-1041,94,2026-07-07 19:32:06,7.833,52.13069,7.5769,4.92,8.0,False,3.898,386.221,424.31,shipment_A-1041.csv,simulated_prototype,0,-3.08,65.27846153846154,Normal,50-75%,6-9h
A-1041,95,2026-07-07 19:37:06,7.917,52.12749,7.51481,5.14,8.0,False,3.873,390.094,428.82,shipment_A-1041.csv,simulated_prototype,0,-2.8600000000000003,65.9723076923077,Normal,50-75%,6-9h
A-1041,96,2026-07-07 19:42:06,8.0,52.123,7.45384,4.94,8.0,False,3.971,394.065,433.33,shipment_A-1041.csv,simulated_prototype,0,-3.0599999999999996,66.66615384615385,Normal,50-75%,6-9h
A-1041,97,2026-07-07 19:47:06,8.083,52.11862,7.3915,5.24,8.0,False,3.739,397.804,437.85,shipment_A-1041.csv,simulated_prototype,0,-2.76,67.36153846153846,Normal,50-75%,6-9h
A-1041,98,2026-07-07 19:52:06,8.167,52.11423,7.32926,5.14,8.0,False,3.896,401.7,442.36,shipment_A-1041.csv,simulated_prototype,0,-2.8600000000000003,68.05538461538461,Normal,50-75%,6-9h
A-1041,99,2026-07-07 19:57:06,8.25,52.11123,7.2677,5.09,8.0,False,4.005,405.705,446.88,shipment_A-1041.csv,simulated_prototype,0,-2.91,68.75076923076922,Normal,50-75%,6-9h
A-1041,100,2026-07-07 20:02:06,8.333,52.1068,7.2058,5.28,8.0,False,4.137,409.842,451.39,shipment_A-1041.csv,simulated_prototype,0,-2.7199999999999998,69.44461538461539,Normal,50-75%,6-9h
A-1041,101,2026-07-07 20:07:06,8.417,52.10167,7.14339,4.93,8.0,False,3.992,413.834,455.9,shipment_A-1041.csv,simulated_prototype,0,-3.0700000000000003,70.13846153846154,Normal,50-75%,6-9h
A-1041,102,2026-07-07 20:12:06,8.5,52.09776,7.0813,5.25,8.0,False,3.811,417.645,460.42,shipment_A-1041.csv,simulated_prototype,0,-2.75,70.83384615384615,Normal,50-75%,6-9h
A-1041,103,2026-07-07 20:17:06,8.583,52.09374,7.01902,5.04,8.0,False,3.753,421.398,464.93,shipment_A-1041.csv,simulated_prototype,0,-2.96,71.5276923076923,Normal,50-75%,6-9h
A-1041,104,2026-07-07 20:22:06,8.667,52.09044,6.95757,5.36,8.0,False,3.851,425.249,469.44,shipment_A-1041.csv,simulated_prototype,0,-2.6399999999999997,72.22153846153846,Normal,50-75%,6-9h
A-1041,105,2026-07-07 20:27:06,8.75,52.08568,6.89615,5.14,8.0,False,4.373,429.622,473.96,shipment_A-1041.csv,simulated_prototype,0,-2.8600000000000003,72.91692307692308,Normal,50-75%,6-9h
A-1041,106,2026-07-07 20:32:06,8.833,52.08142,6.83392,5.0,8.0,False,3.998,433.62,478.47,shipment_A-1041.csv,simulated_prototype,0,-3.0,73.61076923076924,Normal,50-75%,6-9h
A-1041,107,2026-07-07 20:37:06,8.917,52.07788,6.77192,5.07,8.0,False,4.207,437.827,482.99,shipment_A-1041.csv,simulated_prototype,0,-2.9299999999999997,74.30615384615385,Normal,50-75%,6-9h
A-1041,108,2026-07-07 20:42:06,9.0,52.074,6.70935,4.94,8.0,False,4.338,442.165,487.5,shipment_A-1041.csv,simulated_prototype,0,-3.0599999999999996,75.0,Normal,50-75%,6-9h
A-1041,109,2026-07-07 20:47:06,9.083,52.0697,6.64807,4.68,8.0,False,3.959,446.124,492.01,shipment_A-1041.csv,simulated_prototype,0,-3.3200000000000003,75.69384615384615,Normal,75-100%,9-12h
A-1041,110,2026-07-07 20:52:06,9.167,52.06485,6.58571,5.14,8.0,False,3.979,450.103,496.53,shipment_A-1041.csv,simulated_prototype,0,-2.8600000000000003,76.38923076923076,Normal,75-100%,9-12h
A-1041,111,2026-07-07 20:57:06,9.25,52.06047,6.52309,5.11,8.0,False,4.162,454.265,501.04,shipment_A-1041.csv,simulated_prototype,0,-2.8899999999999997,77.08307692307692,Normal,75-100%,9-12h
A-1041,112,2026-07-07 21:02:06,9.333,52.05648,6.46091,5.12,8.0,False,3.883,458.148,505.56,shipment_A-1041.csv,simulated_prototype,0,-2.88,77.77846153846154,Normal,75-100%,9-12h
A-1041,113,2026-07-07 21:07:06,9.417,52.05289,6.39895,4.5,8.0,False,3.881,462.029,510.07,shipment_A-1041.csv,simulated_prototype,0,-3.5,78.4723076923077,Normal,75-100%,9-12h
A-1041,114,2026-07-07 21:12:06,9.5,52.048,6.33776,4.6,8.0,False,4.166,466.195,514.58,shipment_A-1041.csv,simulated_prototype,0,-3.4000000000000004,79.16615384615385,Normal,75-100%,9-12h
A-1041,115,2026-07-07 21:17:06,9.583,52.04472,6.2761,4.79,8.0,False,4.117,470.312,519.1,shipment_A-1041.csv,simulated_prototype,0,-3.21,79.86153846153846,Normal,75-100%,9-12h
A-1041,116,2026-07-07 21:22:06,9.667,52.03982,6.21308,5.14,8.0,False,4.157,474.469,523.61,shipment_A-1041.csv,simulated_prototype,0,-2.8600000000000003,80.55538461538461,Normal,75-100%,9-12h
A-1041,117,2026-07-07 21:27:06,9.75,52.03673,6.15201,4.6,8.0,False,3.999,478.468,528.12,shipment_A-1041.csv,simulated_prototype,0,-3.4000000000000004,81.24923076923078,Normal,75-100%,9-12h
A-1041,118,2026-07-07 21:32:06,9.833,52.03149,6.08947,5.24,8.0,False,3.742,482.21,532.64,shipment_A-1041.csv,simulated_prototype,0,-2.76,81.94461538461539,Normal,75-100%,9-12h
A-1041,119,2026-07-07 21:37:06,9.917,52.02709,6.0275,4.65,8.0,False,4.329,486.539,537.15,shipment_A-1041.csv,simulated_prototype,0,-3.3499999999999996,82.63846153846154,Normal,75-100%,9-12h
A-1041,120,2026-07-07 21:42:06,10.0,52.02421,5.96607,4.97,8.0,False,4.241,490.78,541.67,shipment_A-1041.csv,simulated_prototype,0,-3.0300000000000002,83.33384615384615,Normal,75-100%,9-12h
A-1041,121,2026-07-07 21:47:06,10.083,52.01944,5.90333,4.89,8.0,False,4.362,495.142,546.18,shipment_A-1041.csv,simulated_prototype,0,-3.1100000000000003,84.0276923076923,Normal,75-100%,9-12h
A-1041,122,2026-07-07 21:52:06,10.167,52.0147,5.84157,5.04,8.0,False,4.315,499.457,550.69,shipment_A-1041.csv,simulated_prototype,0,-2.96,84.72153846153847,Normal,75-100%,9-12h
A-1041,123,2026-07-07 21:57:06,10.25,52.01093,5.77969,4.59,8.0,False,4.374,503.831,555.21,shipment_A-1041.csv,simulated_prototype,0,-3.41,85.41692307692308,Normal,75-100%,9-12h
A-1041,124,2026-07-07 22:02:06,10.333,52.00659,5.7175,4.9,8.0,False,4.24,508.071,559.72,shipment_A-1041.csv,simulated_prototype,0,-3.0999999999999996,86.11076923076924,Normal,75-100%,9-12h
A-1041,125,2026-07-07 22:07:06,10.417,52.00334,5.65526,4.76,8.0,False,4.381,512.452,564.24,shipment_A-1041.csv,simulated_prototype,0,-3.24,86.80615384615385,Normal,75-100%,9-12h
A-1041,126,2026-07-07 22:12:06,10.5,51.99925,5.59308,5.16,8.0,False,4.049,516.501,568.75,shipment_A-1041.csv,simulated_prototype,0,-2.84,87.5,Normal,75-100%,9-12h
A-1041,127,2026-07-07 22:17:06,10.583,51.99404,5.53203,4.71,8.0,False,4.118,520.619,573.26,shipment_A-1041.csv,simulated_prototype,0,-3.29,88.19384615384615,Normal,75-100%,9-12h
A-1041,128,2026-07-07 22:22:06,10.667,51.99093,5.46902,4.36,8.0,False,4.211,524.83,577.78,shipment_A-1041.csv,simulated_prototype,0,-3.6399999999999997,88.88923076923076,Normal,75-100%,9-12h
A-1041,129,2026-07-07 22:27:06,10.75,51.98597,5.40738,4.75,8.0,False,4.033,528.863,582.29,shipment_A-1041.csv,simulated_prototype,0,-3.25,89.58307692307692,Normal,75-100%,9-12h
A-1041,130,2026-07-07 22:32:06,10.833,51.98225,5.34634,4.7,8.0,False,4.139,533.002,586.81,shipment_A-1041.csv,simulated_prototype,0,-3.3,90.27846153846153,Normal,75-100%,9-12h
A-1041,131,2026-07-07 22:37:06,10.917,51.97765,5.28416,4.67,8.0,False,4.081,537.083,591.32,shipment_A-1041.csv,simulated_prototype,0,-3.33,90.9723076923077,Normal,75-100%,9-12h
A-1041,132,2026-07-07 22:42:06,11.0,51.97461,5.22223,4.77,8.0,False,3.779,540.862,595.83,shipment_A-1041.csv,simulated_prototype,0,-3.2300000000000004,91.66615384615385,Normal,75-100%,9-12h
A-1041,133,2026-07-07 22:47:06,11.083,51.97029,5.1596,4.6,8.0,False,4.243,545.105,600.35,shipment_A-1041.csv,simulated_prototype,0,-3.4000000000000004,92.36153846153846,Normal,75-100%,9-12h
A-1041,134,2026-07-07 22:52:06,11.167,51.96568,5.09753,4.61,8.0,False,4.06,549.165,604.86,shipment_A-1041.csv,simulated_prototype,0,-3.3899999999999997,93.05538461538461,Normal,75-100%,9-12h
A-1041,135,2026-07-07 22:57:06,11.25,51.96148,5.03591,4.43,8.0,False,3.784,552.949,609.38,shipment_A-1041.csv,simulated_prototype,0,-3.5700000000000003,93.75076923076922,Normal,75-100%,9-12h
A-1041,136,2026-07-07 23:02:06,11.333,51.95743,4.97378,4.44,8.0,False,3.979,556.928,613.89,shipment_A-1041.csv,simulated_prototype,0,-3.5599999999999996,94.44461538461539,Normal,75-100%,9-12h
A-1041,137,2026-07-07 23:07:06,11.417,51.95402,4.91196,4.2,8.0,False,3.987,560.915,618.4,shipment_A-1041.csv,simulated_prototype,0,-3.8,95.13846153846154,Normal,75-100%,9-12h
A-1041,138,2026-07-07 23:12:06,11.5,51.94931,4.84947,4.56,8.0,False,4.321,565.236,622.92,shipment_A-1041.csv,simulated_prototype,0,-3.4400000000000004,95.83384615384615,Normal,75-100%,9-12h
A-1041,139,2026-07-07 23:17:06,11.583,51.94488,4.78697,4.53,8.0,False,3.793,569.029,627.43,shipment_A-1041.csv,simulated_prototype,0,-3.4699999999999998,96.5276923076923,Normal,75-100%,9-12h
A-1041,140,2026-07-07 23:22:06,11.667,51.94071,4.72534,4.66,8.0,False,4.333,573.362,631.94,shipment_A-1041.csv,simulated_prototype,0,-3.34,97.22153846153847,Normal,75-100%,9-12h
A-1041,141,2026-07-07 23:27:06,11.75,51.93649,4.66346,4.38,8.0,False,4.356,577.718,636.46,shipment_A-1041.csv,simulated_prototype,0,-3.62,97.91692307692308,Normal,75-100%,9-12h
A-1041,142,2026-07-07 23:32:06,11.833,51.93319,4.60232,4.59,8.0,False,4.189,581.907,640.97,shipment_A-1041.csv,simulated_prototype,0,-3.41,98.61076923076924,Normal,75-100%,9-12h
A-1041,143,2026-07-07 23:37:06,11.917,51.9283,4.53913,4.57,8.0,False,3.798,585.705,645.49,shipment_A-1041.csv,simulated_prototype,0,-3.4299999999999997,99.30615384615385,Normal,75-100%,9-12h
A-1041,144,2026-07-07 23:42:06,12.0,51.92414,4.47743,4.2,8.0,False,3.847,589.552,650.0,shipment_A-1041.csv,simulated_prototype,0,-3.8,100.0,Normal,75-100%,9-12h
A-1042,0,2026-07-28 14:49:41,0.0,52.51994,13.40554,5.16,8.5,False,3.356,3.356,0.0,shipment_A-1042(1).csv,simulated_prototype,0,-3.34,0.0,Normal,0-25%,0-3h
A-1042,1,2026-07-28 14:54:41,0.083,52.5161,13.34247,5.05,8.5,False,3.049,6.405,3.47,shipment_A-1042(1).csv,simulated_prototype,0,-3.45,0.694,Normal,0-25%,0-3h
A-1042,2,2026-07-28 14:59:41,0.167,52.51228,13.28092,5.45,8.5,False,2.94,9.345,6.94,shipment_A-1042(1).csv,simulated_prototype,0,-3.05,1.388,Normal,0-25%,0-3h
A-1042,3,2026-07-28 15:04:41,0.25,52.5078,13.21919,5.13,8.5,False,3.105,12.45,10.42,shipment_A-1042(1).csv,simulated_prototype,0,-3.37,2.084,Normal,0-25%,0-3h
A-1042,4,2026-07-28 15:09:41,0.333,52.50412,13.15655,4.99,8.5,False,3.358,15.808,13.89,shipment_A-1042(1).csv,simulated_prototype,0,-3.51,2.7780000000000005,Normal,0-25%,0-3h
A-1042,5,2026-07-28 15:14:41,0.417,52.49881,13.09504,5.02,8.5,False,3.291,19.099,17.36,shipment_A-1042(1).csv,simulated_prototype,0,-3.4800000000000004,3.472,Normal,0-25%,0-3h
A-1042,6,2026-07-28 15:19:41,0.5,52.49574,13.03245,5.38,8.5,False,3.033,22.132,20.83,shipment_A-1042(1).csv,simulated_prototype,0,-3.12,4.1659999999999995,Normal,0-25%,0-3h
A-1042,7,2026-07-28 15:24:41,0.583,52.49142,12.97064,4.85,8.5,False,2.952,25.084,24.31,shipment_A-1042(1).csv,simulated_prototype,0,-3.6500000000000004,4.862,Normal,0-25%,0-3h
A-1042,8,2026-07-28 15:29:41,0.667,52.48642,12.90876,5.24,8.5,False,3.37,28.454,27.78,shipment_A-1042(1).csv,simulated_prototype,0,-3.26,5.556000000000001,Normal,0-25%,0-3h
A-1042,9,2026-07-28 15:34:41,0.75,52.48334,12.84663,4.95,8.5,False,3.092,31.546,31.25,shipment_A-1042(1).csv,simulated_prototype,0,-3.55,6.25,Normal,0-25%,0-3h
A-1042,10,2026-07-28 15:39:41,0.833,52.47801,12.78517,4.96,8.5,False,2.919,34.465,34.72,shipment_A-1042(1).csv,simulated_prototype,0,-3.54,6.944,Normal,0-25%,0-3h
A-1042,11,2026-07-28 15:44:41,0.917,52.47466,12.72249,5.02,8.5,False,3.296,37.761,38.19,shipment_A-1042(1).csv,simulated_prototype,0,-3.4800000000000004,7.637999999999999,Normal,0-25%,0-3h
A-1042,12,2026-07-28 15:49:41,1.0,52.47031,12.66048,5.68,8.5,False,3.041,40.802,41.67,shipment_A-1042(1).csv,simulated_prototype,0,-2.8200000000000003,8.334,Normal,0-25%,0-3h
A-1042,13,2026-07-28 15:54:41,1.083,52.46685,12.59875,5.15,8.5,False,3.142,43.944,45.14,shipment_A-1042(1).csv,simulated_prototype,0,-3.3499999999999996,9.028,Normal,0-25%,0-3h
A-1042,14,2026-07-28 15:59:41,1.167,52.4622,12.53749,5.28,8.5,False,2.949,46.893,48.61,shipment_A-1042(1).csv,simulated_prototype,0,-3.2199999999999998,9.722,Normal,0-25%,0-3h
A-1042,15,2026-07-28 16:04:41,1.25,52.45779,12.4755,5.27,8.5,False,3.237,50.13,52.08,shipment_A-1042(1).csv,simulated_prototype,0,-3.2300000000000004,10.416,Normal,0-25%,0-3h
A-1042,16,2026-07-28 16:09:41,1.333,52.45326,12.41342,5.28,8.5,False,3.115,53.245,55.56,shipment_A-1042(1).csv,simulated_prototype,0,-3.2199999999999998,11.112000000000002,Normal,0-25%,0-3h
A-1042,17,2026-07-28 16:14:41,1.417,52.45028,12.35167,5.31,8.5,False,3.095,56.34,59.03,shipment_A-1042(1).csv,simulated_prototype,0,-3.1900000000000004,11.806,Normal,0-25%,0-3h
A-1042,18,2026-07-28 16:19:41,1.5,52.44598,12.28865,5.56,8.5,False,3.211,59.551,62.5,shipment_A-1042(1).csv,simulated_prototype,0,-2.9400000000000004,12.5,Normal,0-25%,0-3h
A-1042,19,2026-07-28 16:24:41,1.583,52.44094,12.22686,5.73,8.5,False,3.261,62.812,65.97,shipment_A-1042(1).csv,simulated_prototype,0,-2.7699999999999996,13.194,Normal,0-25%,0-3h
A-1042,20,2026-07-28 16:29:41,1.667,52.43664,12.16465,5.37,8.5,False,3.085,65.897,69.44,shipment_A-1042(1).csv,simulated_prototype,0,-3.13,13.888,Normal,0-25%,0-3h
A-1042,21,2026-07-28 16:34:41,1.75,52.43304,12.10307,5.2,8.5,False,3.03,68.927,72.92,shipment_A-1042(1).csv,simulated_prototype,0,-3.3,14.584,Normal,0-25%,0-3h
A-1042,22,2026-07-28 16:39:41,1.833,52.42864,12.04154,5.38,8.5,False,2.896,71.823,76.39,shipment_A-1042(1).csv,simulated_prototype,0,-3.12,15.278,Normal,0-25%,0-3h
A-1042,23,2026-07-28 16:44:41,1.917,52.42438,11.97962,4.88,8.5,False,3.031,74.854,79.86,shipment_A-1042(1).csv,simulated_prototype,0,-3.62,15.972,Normal,0-25%,0-3h
A-1042,24,2026-07-28 16:49:41,2.0,52.42116,11.91683,5.14,8.5,False,3.088,77.942,83.33,shipment_A-1042(1).csv,simulated_prototype,0,-3.3600000000000003,16.666,Normal,0-25%,0-3h
A-1042,25,2026-07-28 16:54:41,2.083,52.41663,11.85445,5.58,8.5,False,3.302,81.244,86.81,shipment_A-1042(1).csv,simulated_prototype,0,-2.92,17.362,Normal,0-25%,0-3h
A-1042,26,2026-07-28 16:59:41,2.167,52.41263,11.79277,5.12,8.5,False,3.341,84.585,90.28,shipment_A-1042(1).csv,simulated_prototype,0,-3.38,18.056,Normal,0-25%,0-3h
A-1042,27,2026-07-28 17:04:41,2.25,52.40764,11.73175,5.46,8.5,False,3.169,87.754,93.75,shipment_A-1042(1).csv,simulated_prototype,0,-3.04,18.75,Normal,0-25%,0-3h
A-1042,28,2026-07-28 17:09:41,2.333,52.40353,11.66894,5.41,8.5,False,3.169,90.923,97.22,shipment_A-1042(1).csv,simulated_prototype,0,-3.09,19.444,Normal,0-25%,0-3h
A-1042,29,2026-07-28 17:14:41,2.417,52.40014,11.60725,5.34,8.5,False,2.888,93.811,100.69,shipment_A-1042(1).csv,simulated_prototype,0,-3.16,20.138,Normal,0-25%,0-3h
A-1042,30,2026-07-28 17:19:41,2.5,52.39522,11.54582,5.52,8.5,False,3.16,96.971,104.17,shipment_A-1042(1).csv,simulated_prototype,0,-2.9800000000000004,20.834,Normal,0-25%,0-3h
A-1042,31,2026-07-28 17:24:41,2.583,52.39109,11.48349,5.57,8.5,False,3.257,100.228,107.64,shipment_A-1042(1).csv,simulated_prototype,0,-2.9299999999999997,21.528,Normal,0-25%,0-3h
A-1042,32,2026-07-28 17:29:41,2.667,52.38741,11.4213,5.17,8.5,False,2.963,103.191,111.11,shipment_A-1042(1).csv,simulated_prototype,0,-3.33,22.222,Normal,0-25%,0-3h
A-1042,33,2026-07-28 17:34:41,2.75,52.38283,11.35858,5.51,8.5,False,3.342,106.533,114.58,shipment_A-1042(1).csv,simulated_prototype,0,-2.99,22.916,Normal,0-25%,0-3h
A-1042,34,2026-07-28 17:39:41,2.833,52.38007,11.29683,5.47,8.5,False,3.174,109.707,118.06,shipment_A-1042(1).csv,simulated_prototype,0,-3.0300000000000002,23.612,Normal,0-25%,0-3h
A-1042,35,2026-07-28 17:44:41,2.917,52.37508,11.23526,5.36,8.5,False,3.33,113.037,121.53,shipment_A-1042(1).csv,simulated_prototype,0,-3.1399999999999997,24.306,Normal,0-25%,0-3h
A-1042,36,2026-07-28 17:49:41,3.0,52.37164,11.1738,5.62,8.5,False,2.975,116.012,125.0,shipment_A-1042(1).csv,simulated_prototype,0,-2.88,25.0,Normal,0-25%,0-3h
A-1042,37,2026-07-28 17:54:41,3.083,52.36744,11.11139,5.32,8.5,False,2.947,118.959,128.47,shipment_A-1042(1).csv,simulated_prototype,0,-3.1799999999999997,25.694,Normal,25-50%,3-6h
A-1042,38,2026-07-28 17:59:41,3.167,52.36267,11.04854,5.61,8.5,False,2.88,121.839,131.94,shipment_A-1042(1).csv,simulated_prototype,0,-2.8899999999999997,26.388,Normal,25-50%,3-6h
A-1042,39,2026-07-28 18:04:41,3.25,52.35888,10.98776,5.07,8.5,False,3.322,125.161,135.42,shipment_A-1042(1).csv,simulated_prototype,0,-3.4299999999999997,27.083999999999996,Normal,25-50%,3-6h
A-1042,40,2026-07-28 18:09:41,3.333,52.35489,10.92465,5.37,8.5,False,3.165,128.326,138.89,shipment_A-1042(1).csv,simulated_prototype,0,-3.13,27.778,Normal,25-50%,3-6h
A-1042,41,2026-07-28 18:14:41,3.417,52.35021,10.86278,5.48,8.5,False,3.173,131.499,142.36,shipment_A-1042(1).csv,simulated_prototype,0,-3.0199999999999996,28.472,Normal,25-50%,3-6h
A-1042,42,2026-07-28 18:19:41,3.5,52.34573,10.80068,5.32,8.5,False,2.934,134.433,145.83,shipment_A-1042(1).csv,simulated_prototype,0,-3.1799999999999997,29.166000000000004,Normal,25-50%,3-6h
A-1042,43,2026-07-28 18:24:41,3.583,52.34152,10.7391,5.34,8.5,False,2.921,137.354,149.31,shipment_A-1042(1).csv,simulated_prototype,0,-3.16,29.862,Normal,25-50%,3-6h
A-1042,44,2026-07-28 18:29:41,3.667,52.33865,10.67692,5.8,8.5,False,3.144,140.498,152.78,shipment_A-1042(1).csv,simulated_prototype,0,-2.7,30.556,Normal,25-50%,3-6h
A-1042,45,2026-07-28 18:34:41,3.75,52.33378,10.61533,5.59,8.5,False,2.912,143.41,156.25,shipment_A-1042(1).csv,simulated_prototype,0,-2.91,31.25,Normal,25-50%,3-6h
A-1042,46,2026-07-28 18:39:41,3.833,52.32925,10.55336,5.79,8.5,False,2.994,146.404,159.72,shipment_A-1042(1).csv,simulated_prototype,0,-2.71,31.944,Normal,25-50%,3-6h
A-1042,47,2026-07-28 18:44:41,3.917,52.32597,10.49126,5.63,8.5,False,3.175,149.579,163.19,shipment_A-1042(1).csv,simulated_prototype,0,-2.87,32.638,Normal,25-50%,3-6h
A-1042,48,2026-07-28 18:49:41,4.0,52.32117,10.42922,5.36,8.5,False,3.179,152.758,166.67,shipment_A-1042(1).csv,simulated_prototype,0,-3.1399999999999997,33.333999999999996,Normal,25-50%,3-6h
A-1042,49,2026-07-28 18:54:41,4.083,52.31733,10.36761,5.63,8.5,False,3.084,155.842,170.14,shipment_A-1042(1).csv,simulated_prototype,0,-2.87,34.028,Normal,25-50%,3-6h
A-1042,50,2026-07-28 18:59:41,4.167,52.3128,10.30459,5.62,8.5,False,2.917,158.759,173.61,shipment_A-1042(1).csv,simulated_prototype,0,-2.88,34.722,Normal,25-50%,3-6h
A-1042,51,2026-07-28 19:04:41,4.25,52.30934,10.24346,5.61,8.5,False,3.026,161.785,177.08,shipment_A-1042(1).csv,simulated_prototype,0,-2.8899999999999997,35.416000000000004,Normal,25-50%,3-6h
A-1042,52,2026-07-28 19:09:41,4.333,52.30541,10.18088,5.34,8.5,False,2.975,164.76,180.56,shipment_A-1042(1).csv,simulated_prototype,0,-3.16,36.112,Normal,25-50%,3-6h
A-1042,53,2026-07-28 19:14:41,4.417,52.30067,10.11897,5.78,8.5,False,3.224,167.984,184.03,shipment_A-1042(1).csv,simulated_prototype,0,-2.7199999999999998,36.806,Normal,25-50%,3-6h
A-1042,54,2026-07-28 19:19:41,4.5,52.29618,10.05716,5.54,8.5,False,3.352,171.336,187.5,shipment_A-1042(1).csv,simulated_prototype,0,-2.96,37.5,Normal,25-50%,3-6h
A-1042,55,2026-07-28 19:24:41,4.583,52.29239,9.99537,5.3,8.5,False,2.975,174.311,190.97,shipment_A-1042(1).csv,simulated_prototype,0,-3.2,38.194,Normal,25-50%,3-6h
A-1042,56,2026-07-28 19:29:41,4.667,52.28813,9.93364,5.79,8.5,False,2.928,177.239,194.44,shipment_A-1042(1).csv,simulated_prototype,0,-2.71,38.888,Normal,25-50%,3-6h
A-1042,57,2026-07-28 19:34:41,4.75,52.2845,9.87068,5.53,8.5,False,3.009,180.248,197.92,shipment_A-1042(1).csv,simulated_prototype,0,-2.9699999999999998,39.583999999999996,Normal,25-50%,3-6h
A-1042,58,2026-07-28 19:39:41,4.833,52.27947,9.80948,5.61,8.5,False,3.239,183.487,201.39,shipment_A-1042(1).csv,simulated_prototype,0,-2.8899999999999997,40.278,Normal,25-50%,3-6h
A-1042,59,2026-07-28 19:44:41,4.917,52.27572,9.74719,5.49,8.5,False,3.156,186.643,204.86,shipment_A-1042(1).csv,simulated_prototype,0,-3.01,40.972,Normal,25-50%,3-6h
A-1042,60,2026-07-28 19:49:41,5.0,52.27184,9.68538,5.49,8.5,False,3.319,189.962,208.33,shipment_A-1042(1).csv,simulated_prototype,0,-3.01,41.666000000000004,Normal,25-50%,3-6h
A-1042,61,2026-07-28 19:54:41,5.083,52.26728,9.62326,5.8,8.5,False,2.999,192.961,211.81,shipment_A-1042(1).csv,simulated_prototype,0,-2.7,42.362,Normal,25-50%,3-6h
A-1042,62,2026-07-28 19:59:41,5.167,52.26333,9.56087,5.66,8.5,False,2.895,195.856,215.28,shipment_A-1042(1).csv,simulated_prototype,0,-2.84,43.056,Normal,25-50%,3-6h
A-1042,63,2026-07-28 20:04:41,5.25,52.25988,9.49922,5.37,8.5,False,2.964,198.82,218.75,shipment_A-1042(1).csv,simulated_prototype,0,-3.13,43.75,Normal,25-50%,3-6h
A-1042,64,2026-07-28 20:09:41,5.333,52.25541,9.4368,5.28,8.5,False,3.071,201.891,222.22,shipment_A-1042(1).csv,simulated_prototype,0,-3.2199999999999998,44.444,Normal,25-50%,3-6h
A-1042,65,2026-07-28 20:14:41,5.417,52.25086,9.37517,5.49,8.5,False,2.948,204.839,225.69,shipment_A-1042(1).csv,simulated_prototype,0,-3.01,45.138,Normal,25-50%,3-6h
A-1042,66,2026-07-28 20:19:41,5.5,52.24726,9.31305,5.69,8.5,False,3.304,208.143,229.17,shipment_A-1042(1).csv,simulated_prototype,0,-2.8099999999999996,45.833999999999996,Normal,25-50%,3-6h
A-1042,67,2026-07-28 20:24:41,5.583,52.24242,9.25153,5.95,8.5,False,2.956,211.099,232.64,shipment_A-1042(1).csv,simulated_prototype,0,-2.55,46.528,Normal,25-50%,3-6h
A-1042,68,2026-07-28 20:29:41,5.667,52.23842,9.18918,5.59,8.5,False,3.284,214.383,236.11,shipment_A-1042(1).csv,simulated_prototype,0,-2.91,47.222,Normal,25-50%,3-6h
A-1042,69,2026-07-28 20:34:41,5.75,52.23441,9.12711,5.57,8.5,False,2.958,217.341,239.58,shipment_A-1042(1).csv,simulated_prototype,0,-2.9299999999999997,47.916000000000004,Normal,25-50%,3-6h
A-1042,70,2026-07-28 20:39:41,5.833,52.23101,9.06578,5.93,8.5,False,2.996,220.337,243.06,shipment_A-1042(1).csv,simulated_prototype,0,-2.5700000000000003,48.612,Normal,25-50%,3-6h
A-1042,71,2026-07-28 20:44:41,5.917,52.2257,9.00319,5.8,8.5,False,3.199,223.536,246.53,shipment_A-1042(1).csv,simulated_prototype,0,-2.7,49.306,Normal,25-50%,3-6h
A-1042,72,2026-07-28 20:49:41,6.0,52.22152,8.94095,5.54,8.5,False,2.987,226.523,250.0,shipment_A-1042(1).csv,simulated_prototype,0,-2.96,50.0,Normal,25-50%,3-6h
A-1042,73,2026-07-28 20:54:41,6.083,52.21837,8.87979,5.75,8.5,False,3.271,229.794,253.47,shipment_A-1042(1).csv,simulated_prototype,0,-2.75,50.693999999999996,Normal,50-75%,6-9h
A-1042,74,2026-07-28 20:59:41,6.167,52.21328,8.81738,5.66,8.5,False,3.14,232.934,256.94,shipment_A-1042(1).csv,simulated_prototype,0,-2.84,51.388,Normal,50-75%,6-9h
A-1042,75,2026-07-28 21:04:41,6.25,52.21029,8.7557,5.32,8.5,False,2.959,235.893,260.42,shipment_A-1042(1).csv,simulated_prototype,0,-3.1799999999999997,52.08400000000001,Normal,50-75%,6-9h
A-1042,76,2026-07-28 21:09:41,6.333,52.20515,8.69392,5.42,8.5,False,3.204,239.097,263.89,shipment_A-1042(1).csv,simulated_prototype,0,-3.08,52.778000000000006,Normal,50-75%,6-9h
A-1042,77,2026-07-28 21:14:41,6.417,52.20133,8.63145,5.73,8.5,False,3.297,242.394,267.36,shipment_A-1042(1).csv,simulated_prototype,0,-2.7699999999999996,53.471999999999994,Normal,50-75%,6-9h
A-1042,78,2026-07-28 21:19:41,6.5,52.19747,8.56933,5.49,8.5,False,2.974,245.368,270.83,shipment_A-1042(1).csv,simulated_prototype,0,-3.01,54.16599999999999,Normal,50-75%,6-9h
A-1042,79,2026-07-28 21:24:41,6.583,52.19376,8.50775,5.76,8.5,False,3.299,248.667,274.31,shipment_A-1042(1).csv,simulated_prototype,0,-2.74,54.862,Normal,50-75%,6-9h
A-1042,80,2026-07-28 21:29:41,6.667,52.18922,8.446,5.53,8.5,False,3.32,251.987,277.78,shipment_A-1042(1).csv,simulated_prototype,0,-2.9699999999999998,55.556,Normal,50-75%,6-9h
A-1042,81,2026-07-28 21:34:41,6.75,52.1852,8.38275,5.91,8.5,False,3.007,254.994,281.25,shipment_A-1042(1).csv,simulated_prototype,0,-2.59,56.25,Normal,50-75%,6-9h
A-1042,82,2026-07-28 21:39:41,6.833,52.18043,8.32151,5.08,8.5,False,3.151,258.145,284.72,shipment_A-1042(1).csv,simulated_prototype,0,-3.42,56.944,Normal,50-75%,6-9h
A-1042,83,2026-07-28 21:44:41,6.917,52.17661,8.25899,5.43,8.5,False,3.216,261.361,288.19,shipment_A-1042(1).csv,simulated_prototype,0,-3.0700000000000003,57.638,Normal,50-75%,6-9h
A-1042,84,2026-07-28 21:49:41,7.0,52.17257,8.19749,5.33,8.5,False,2.93,264.291,291.67,shipment_A-1042(1).csv,simulated_prototype,0,-3.17,58.33400000000001,Normal,50-75%,6-9h
A-1042,85,2026-07-28 21:54:41,7.083,52.16798,8.13607,5.4,8.5,False,3.161,267.452,295.14,shipment_A-1042(1).csv,simulated_prototype,0,-3.0999999999999996,59.028000000000006,Normal,50-75%,6-9h
A-1042,86,2026-07-28 21:59:41,7.167,52.164,8.07335,5.35,8.5,False,3.374,270.826,298.61,shipment_A-1042(1).csv,simulated_prototype,0,-3.1500000000000004,59.721999999999994,Normal,50-75%,6-9h
A-1042,87,2026-07-28 22:04:41,7.25,52.16025,8.01205,5.47,8.5,False,3.237,274.063,302.08,shipment_A-1042(1).csv,simulated_prototype,0,-3.0300000000000002,60.41599999999999,Normal,50-75%,6-9h
A-1042,88,2026-07-28 22:09:41,7.333,52.15541,7.94937,5.13,8.5,False,3.299,277.362,305.56,shipment_A-1042(1).csv,simulated_prototype,0,-3.37,61.112,Normal,50-75%,6-9h
A-1042,89,2026-07-28 22:14:41,7.417,52.15179,7.88737,5.51,8.5,False,3.315,280.677,309.03,shipment_A-1042(1).csv,simulated_prototype,0,-2.99,61.806,Normal,50-75%,6-9h
A-1042,90,2026-07-28 22:19:41,7.5,52.14792,7.82531,5.86,8.5,False,3.109,283.786,312.5,shipment_A-1042(1).csv,simulated_prototype,0,-2.6399999999999997,62.5,Normal,50-75%,6-9h
A-1042,91,2026-07-28 22:24:41,7.583,52.14393,7.76387,5.47,8.5,False,2.947,286.733,315.97,shipment_A-1042(1).csv,simulated_prototype,0,-3.0300000000000002,63.194,Normal,50-75%,6-9h
A-1042,92,2026-07-28 22:29:41,7.667,52.1389,7.70164,6.14,8.5,False,2.942,289.675,319.44,shipment_A-1042(1).csv,simulated_prototype,0,-2.3600000000000003,63.888,Normal,50-75%,6-9h
A-1042,93,2026-07-28 22:34:41,7.75,52.13505,7.63891,6.29,8.5,False,2.961,292.636,322.92,shipment_A-1042(1).csv,simulated_prototype,0,-2.21,64.584,Normal,50-75%,6-9h
A-1042,94,2026-07-28 22:39:41,7.833,52.13107,7.57734,6.62,8.5,False,3.109,295.745,326.39,shipment_A-1042(1).csv,simulated_prototype,0,-1.88,65.278,Normal,50-75%,6-9h
A-1042,95,2026-07-28 22:44:41,7.917,52.12698,7.51507,7.54,8.5,False,2.924,298.669,329.86,shipment_A-1042(1).csv,simulated_prototype,0,-0.96,65.972,Watch,50-75%,6-9h
A-1042,96,2026-07-28 22:49:41,8.0,52.12268,7.45364,7.53,8.5,False,3.289,301.958,333.33,shipment_A-1042(1).csv,simulated_prototype,0,-0.9699999999999998,66.666,Watch,50-75%,6-9h
A-1042,97,2026-07-28 22:54:41,8.083,52.11831,7.39176,8.18,8.5,False,3.315,305.273,336.81,shipment_A-1042(1).csv,simulated_prototype,0,-0.3200000000000003,67.362,Watch,50-75%,6-9h
A-1042,98,2026-07-28 22:59:41,8.167,52.11427,7.32946,8.2,8.5,False,3.244,308.517,340.28,shipment_A-1042(1).csv,simulated_prototype,0,-0.3000000000000007,68.056,Watch,50-75%,6-9h
A-1042,99,2026-07-28 23:04:41,8.25,52.11066,7.26712,8.69,8.5,True,2.947,311.464,343.75,shipment_A-1042(1).csv,simulated_prototype,1,0.1899999999999995,68.75,High,50-75%,6-9h
A-1042,100,2026-07-28 23:09:41,8.333,52.10657,7.20522,8.62,8.5,True,3.177,314.641,347.22,shipment_A-1042(1).csv,simulated_prototype,1,0.11999999999999922,69.444,High,50-75%,6-9h
A-1042,101,2026-07-28 23:14:41,8.417,52.10222,7.14354,8.6,8.5,True,3.001,317.642,350.69,shipment_A-1042(1).csv,simulated_prototype,1,0.09999999999999964,70.138,High,50-75%,6-9h
A-1042,102,2026-07-28 23:19:41,8.5,52.09831,7.08108,8.66,8.5,True,2.972,320.614,354.17,shipment_A-1042(1).csv,simulated_prototype,1,0.16000000000000014,70.834,High,50-75%,6-9h
A-1042,103,2026-07-28 23:24:41,8.583,52.09404,7.0193,8.47,8.5,False,3.251,323.865,357.64,shipment_A-1042(1).csv,simulated_prototype,0,-0.02999999999999936,71.528,Watch,50-75%,6-9h
A-1042,104,2026-07-28 23:29:41,8.667,52.08984,6.95802,8.39,8.5,False,3.275,327.14,361.11,shipment_A-1042(1).csv,simulated_prototype,0,-0.10999999999999943,72.222,Watch,50-75%,6-9h
A-1042,105,2026-07-28 23:34:41,8.75,52.08554,6.89531,8.64,8.5,True,3.205,330.345,364.58,shipment_A-1042(1).csv,simulated_prototype,1,0.14000000000000057,72.916,High,50-75%,6-9h
A-1042,106,2026-07-28 23:39:41,8.833,52.08187,6.83298,7.85,8.5,False,3.289,333.634,368.06,shipment_A-1042(1).csv,simulated_prototype,0,-0.6500000000000004,73.612,Watch,50-75%,6-9h
A-1042,107,2026-07-28 23:44:41,8.917,52.07771,6.77168,7.66,8.5,False,3.074,336.708,371.53,shipment_A-1042(1).csv,simulated_prototype,0,-0.8399999999999999,74.306,Watch,50-75%,6-9h
A-1042,108,2026-07-28 23:49:41,9.0,52.07307,6.70992,7.28,8.5,False,3.079,339.787,375.0,shipment_A-1042(1).csv,simulated_prototype,0,-1.2199999999999998,75.0,Normal,50-75%,6-9h
A-1042,109,2026-07-28 23:54:41,9.083,52.06974,6.64698,6.72,8.5,False,3.308,343.095,378.47,shipment_A-1042(1).csv,simulated_prototype,0,-1.7800000000000002,75.694,Normal,75-100%,9-12h
A-1042,110,2026-07-28 23:59:41,9.167,52.0644,6.58562,6.5,8.5,False,2.906,346.001,381.94,shipment_A-1042(1).csv,simulated_prototype,0,-2.0,76.388,Normal,75-100%,9-12h
A-1042,111,2026-07-29 00:04:41,9.25,52.06109,6.52296,5.93,8.5,False,3.291,349.292,385.42,shipment_A-1042(1).csv,simulated_prototype,0,-2.5700000000000003,77.084,Normal,75-100%,9-12h
A-1042,112,2026-07-29 00:09:41,9.333,52.0561,6.46207,5.29,8.5,False,3.179,352.471,388.89,shipment_A-1042(1).csv,simulated_prototype,0,-3.21,77.778,Normal,75-100%,9-12h
A-1042,113,2026-07-29 00:14:41,9.417,52.05238,6.39965,4.59,8.5,False,2.93,355.401,392.36,shipment_A-1042(1).csv,simulated_prototype,0,-3.91,78.472,Normal,75-100%,9-12h
A-1042,114,2026-07-29 00:19:41,9.5,52.04894,6.33737,4.56,8.5,False,3.285,358.686,395.83,shipment_A-1042(1).csv,simulated_prototype,0,-3.9400000000000004,79.166,Normal,75-100%,9-12h
A-1042,115,2026-07-29 00:24:41,9.583,52.04448,6.27493,4.82,8.5,False,2.935,361.621,399.31,shipment_A-1042(1).csv,simulated_prototype,0,-3.6799999999999997,79.862,Normal,75-100%,9-12h
A-1042,116,2026-07-29 00:29:41,9.667,52.03968,6.21333,4.96,8.5,False,3.278,364.899,402.78,shipment_A-1042(1).csv,simulated_prototype,0,-3.54,80.556,Normal,75-100%,9-12h
A-1042,117,2026-07-29 00:34:41,9.75,52.03678,6.15139,4.97,8.5,False,3.25,368.149,406.25,shipment_A-1042(1).csv,simulated_prototype,0,-3.5300000000000002,81.25,Normal,75-100%,9-12h
A-1042,118,2026-07-29 00:39:41,9.833,52.03206,6.08941,5.12,8.5,False,3.145,371.294,409.72,shipment_A-1042(1).csv,simulated_prototype,0,-3.38,81.944,Normal,75-100%,9-12h
A-1042,119,2026-07-29 00:44:41,9.917,52.02824,6.02785,5.01,8.5,False,2.997,374.291,413.19,shipment_A-1042(1).csv,simulated_prototype,0,-3.49,82.638,Normal,75-100%,9-12h
A-1042,120,2026-07-29 00:49:41,10.0,52.02408,5.96551,4.56,8.5,False,3.009,377.3,416.67,shipment_A-1042(1).csv,simulated_prototype,0,-3.9400000000000004,83.334,Normal,75-100%,9-12h
A-1042,121,2026-07-29 00:54:41,10.083,52.01973,5.90306,4.92,8.5,False,2.881,380.181,420.14,shipment_A-1042(1).csv,simulated_prototype,0,-3.58,84.028,Normal,75-100%,9-12h
A-1042,122,2026-07-29 00:59:41,10.167,52.01479,5.84161,4.72,8.5,False,3.176,383.357,423.61,shipment_A-1042(1).csv,simulated_prototype,0,-3.7800000000000002,84.722,Normal,75-100%,9-12h
A-1042,123,2026-07-29 01:04:41,10.25,52.01079,5.77895,4.56,8.5,False,3.321,386.678,427.08,shipment_A-1042(1).csv,simulated_prototype,0,-3.9400000000000004,85.416,Normal,75-100%,9-12h
A-1042,124,2026-07-29 01:09:41,10.333,52.00703,5.71765,4.93,8.5,False,3.345,390.023,430.56,shipment_A-1042(1).csv,simulated_prototype,0,-3.5700000000000003,86.112,Normal,75-100%,9-12h
A-1042,125,2026-07-29 01:14:41,10.417,52.00325,5.65492,4.83,8.5,False,3.366,393.389,434.03,shipment_A-1042(1).csv,simulated_prototype,0,-3.67,86.806,Normal,75-100%,9-12h
A-1042,126,2026-07-29 01:19:41,10.5,51.99955,5.59303,4.71,8.5,False,3.135,396.524,437.5,shipment_A-1042(1).csv,simulated_prototype,0,-3.79,87.5,Normal,75-100%,9-12h
A-1042,127,2026-07-29 01:24:41,10.583,51.99531,5.53182,4.61,8.5,False,3.127,399.651,440.97,shipment_A-1042(1).csv,simulated_prototype,0,-3.8899999999999997,88.194,Normal,75-100%,9-12h
A-1042,128,2026-07-29 01:29:41,10.667,51.99061,5.46902,4.88,8.5,False,3.198,402.849,444.44,shipment_A-1042(1).csv,simulated_prototype,0,-3.62,88.888,Normal,75-100%,9-12h
A-1042,129,2026-07-29 01:34:41,10.75,51.98682,5.40713,4.69,8.5,False,3.253,406.102,447.92,shipment_A-1042(1).csv,simulated_prototype,0,-3.8099999999999996,89.584,Normal,75-100%,9-12h
A-1042,130,2026-07-29 01:39:41,10.833,51.98242,5.34499,4.87,8.5,False,2.936,409.038,451.39,shipment_A-1042(1).csv,simulated_prototype,0,-3.63,90.278,Normal,75-100%,9-12h
A-1042,131,2026-07-29 01:44:41,10.917,51.97754,5.28341,4.61,8.5,False,3.056,412.094,454.86,shipment_A-1042(1).csv,simulated_prototype,0,-3.8899999999999997,90.972,Normal,75-100%,9-12h
A-1042,132,2026-07-29 01:49:41,11.0,51.97423,5.22221,4.73,8.5,False,3.065,415.159,458.33,shipment_A-1042(1).csv,simulated_prototype,0,-3.7699999999999996,91.666,Normal,75-100%,9-12h
A-1042,133,2026-07-29 01:54:41,11.083,51.96978,5.1591,4.93,8.5,False,3.251,418.41,461.81,shipment_A-1042(1).csv,simulated_prototype,0,-3.5700000000000003,92.362,Normal,75-100%,9-12h
A-1042,134,2026-07-29 01:59:41,11.167,51.96627,5.09783,4.61,8.5,False,3.139,421.549,465.28,shipment_A-1042(1).csv,simulated_prototype,0,-3.8899999999999997,93.056,Normal,75-100%,9-12h
A-1042,135,2026-07-29 02:04:41,11.25,51.96175,5.03512,4.35,8.5,False,2.994,424.543,468.75,shipment_A-1042(1).csv,simulated_prototype,0,-4.15,93.75,Normal,75-100%,9-12h
A-1042,136,2026-07-29 02:09:41,11.333,51.95761,4.97438,4.95,8.5,False,3.069,427.612,472.22,shipment_A-1042(1).csv,simulated_prototype,0,-3.55,94.444,Normal,75-100%,9-12h
A-1042,137,2026-07-29 02:14:41,11.417,51.95403,4.91181,4.57,8.5,False,3.251,430.863,475.69,shipment_A-1042(1).csv,simulated_prototype,0,-3.9299999999999997,95.138,Normal,75-100%,9-12h
A-1042,138,2026-07-29 02:19:41,11.5,51.94948,4.84997,4.55,8.5,False,3.191,434.054,479.17,shipment_A-1042(1).csv,simulated_prototype,0,-3.95,95.834,Normal,75-100%,9-12h
A-1042,139,2026-07-29 02:24:41,11.583,51.94532,4.78798,4.57,8.5,False,3.298,437.352,482.64,shipment_A-1042(1).csv,simulated_prototype,0,-3.9299999999999997,96.528,Normal,75-100%,9-12h
A-1042,140,2026-07-29 02:29:41,11.667,51.94095,4.72581,4.0,8.5,False,2.921,440.273,486.11,shipment_A-1042(1).csv,simulated_prototype,0,-4.5,97.222,Normal,75-100%,9-12h
A-1042,141,2026-07-29 02:34:41,11.75,51.93743,4.66372,4.9,8.5,False,3.08,443.353,489.58,shipment_A-1042(1).csv,simulated_prototype,0,-3.5999999999999996,97.916,Normal,75-100%,9-12h
A-1042,142,2026-07-29 02:39:41,11.833,51.93338,4.6022,4.61,8.5,False,3.268,446.621,493.06,shipment_A-1042(1).csv,simulated_prototype,0,-3.8899999999999997,98.612,Normal,75-100%,9-12h
A-1042,143,2026-07-29 02:44:41,11.917,51.92893,4.53982,4.26,8.5,False,2.911,449.532,496.53,shipment_A-1042(1).csv,simulated_prototype,0,-4.24,99.306,Normal,75-100%,9-12h
A-1042,144,2026-07-29 02:49:41,12.0,51.92372,4.4781,4.61,8.5,False,3.089,452.621,500.0,shipment_A-1042(1).csv,simulated_prototype,0,-3.8899999999999997,100.0,Normal,75-100%,9-12h
A-1043,0,2026-07-07 11:41:33,0.0,52.51994,13.40554,5.16,8.0,False,4.363,4.363,0.0,shipment_A-1043.csv,simulated_prototype,0,-2.84,0.0,Normal,0-25%,0-3h
A-1043,1,2026-07-07 11:46:33,0.083,52.5161,13.34247,5.05,8.0,False,3.964,8.327,4.51,shipment_A-1043.csv,simulated_prototype,0,-2.95,0.6938461538461538,Normal,0-25%,0-3h
A-1043,2,2026-07-07 11:51:33,0.167,52.51228,13.28092,5.45,8.0,False,3.822,12.149,9.03,shipment_A-1043.csv,simulated_prototype,0,-2.55,1.3892307692307693,Normal,0-25%,0-3h
A-1043,3,2026-07-07 11:56:33,0.25,52.5078,13.21919,5.13,8.0,False,4.037,16.186,13.54,shipment_A-1043.csv,simulated_prototype,0,-2.87,2.083076923076923,Normal,0-25%,0-3h
A-1043,4,2026-07-07 12:01:33,0.333,52.50412,13.15655,4.99,8.0,False,4.365,20.551,18.06,shipment_A-1043.csv,simulated_prototype,0,-3.01,2.7784615384615385,Normal,0-25%,0-3h
A-1043,5,2026-07-07 12:06:33,0.417,52.49881,13.09504,5.02,8.0,False,4.279,24.83,22.57,shipment_A-1043.csv,simulated_prototype,0,-2.9800000000000004,3.4723076923076928,Normal,0-25%,0-3h
A-1043,6,2026-07-07 12:11:33,0.5,52.49574,13.03245,5.38,8.0,False,3.943,28.773,27.08,shipment_A-1043.csv,simulated_prototype,0,-2.62,4.166153846153846,Normal,0-25%,0-3h
A-1043,7,2026-07-07 12:16:33,0.583,52.49142,12.97064,4.85,8.0,False,3.837,32.61,31.6,shipment_A-1043.csv,simulated_prototype,0,-3.1500000000000004,4.861538461538462,Normal,0-25%,0-3h
A-1043,8,2026-07-07 12:21:33,0.667,52.48642,12.90876,5.24,8.0,False,4.38,36.99,36.11,shipment_A-1043.csv,simulated_prototype,0,-2.76,5.555384615384615,Normal,0-25%,0-3h
A-1043,9,2026-07-07 12:26:33,0.75,52.48334,12.84663,4.95,8.0,False,4.019,41.009,40.62,shipment_A-1043.csv,simulated_prototype,0,-3.05,6.249230769230769,Normal,0-25%,0-3h
A-1043,10,2026-07-07 12:31:33,0.833,52.47801,12.78517,4.96,8.0,False,3.795,44.804,45.14,shipment_A-1043.csv,simulated_prototype,0,-3.04,6.9446153846153855,Normal,0-25%,0-3h
A-1043,11,2026-07-07 12:36:33,0.917,52.47466,12.72249,5.02,8.0,False,4.284,49.088,49.65,shipment_A-1043.csv,simulated_prototype,0,-2.9800000000000004,7.638461538461538,Normal,0-25%,0-3h
A-1043,12,2026-07-07 12:41:33,1.0,52.47031,12.66048,5.68,8.0,False,3.953,53.041,54.17,shipment_A-1043.csv,simulated_prototype,0,-2.3200000000000003,8.333846153846155,Normal,0-25%,0-3h
A-1043,13,2026-07-07 12:46:33,1.083,52.46685,12.59875,5.15,8.0,False,4.084,57.125,58.68,shipment_A-1043.csv,simulated_prototype,0,-2.8499999999999996,9.027692307692307,Normal,0-25%,0-3h
A-1043,14,2026-07-07 12:51:33,1.167,52.4622,12.53749,5.28,8.0,False,3.834,60.959,63.19,shipment_A-1043.csv,simulated_prototype,0,-2.7199999999999998,9.721538461538461,Normal,0-25%,0-3h
A-1043,15,2026-07-07 12:56:33,1.25,52.45779,12.4755,5.27,8.0,False,4.208,65.167,67.71,shipment_A-1043.csv,simulated_prototype,0,-2.7300000000000004,10.416923076923077,Normal,0-25%,0-3h
A-1043,16,2026-07-07 13:01:33,1.333,52.45326,12.41342,5.28,8.0,False,4.049,69.216,72.22,shipment_A-1043.csv,simulated_prototype,0,-2.7199999999999998,11.11076923076923,Normal,0-25%,0-3h
A-1043,17,2026-07-07 13:06:33,1.417,52.45028,12.35167,5.31,8.0,False,4.024,73.24,76.74,shipment_A-1043.csv,simulated_prototype,0,-2.6900000000000004,11.806153846153846,Normal,0-25%,0-3h
A-1043,18,2026-07-07 13:11:33,1.5,52.44598,12.28865,5.56,8.0,False,4.174,77.414,81.25,shipment_A-1043.csv,simulated_prototype,0,-2.4400000000000004,12.5,Normal,0-25%,0-3h
A-1043,19,2026-07-07 13:16:33,1.583,52.44094,12.22686,5.73,8.0,False,4.24,81.654,85.76,shipment_A-1043.csv,simulated_prototype,0,-2.2699999999999996,13.193846153846156,Normal,0-25%,0-3h
A-1043,20,2026-07-07 13:21:33,1.667,52.43664,12.16465,5.37,8.0,False,4.01,85.664,90.28,shipment_A-1043.csv,simulated_prototype,0,-2.63,13.889230769230771,Normal,0-25%,0-3h
A-1043,21,2026-07-07 13:26:33,1.75,52.43304,12.10307,5.2,8.0,False,3.939,89.603,94.79,shipment_A-1043.csv,simulated_prototype,0,-2.8,14.583076923076923,Normal,0-25%,0-3h
A-1043,22,2026-07-07 13:31:33,1.833,52.42864,12.04154,5.38,8.0,False,3.765,93.368,99.31,shipment_A-1043.csv,simulated_prototype,0,-2.62,15.278461538461539,Normal,0-25%,0-3h
A-1043,23,2026-07-07 13:36:33,1.917,52.42438,11.97962,4.88,8.0,False,3.941,97.309,103.82,shipment_A-1043.csv,simulated_prototype,0,-3.12,15.972307692307691,Normal,0-25%,0-3h
A-1043,24,2026-07-07 13:41:33,2.0,52.42116,11.91683,5.14,8.0,False,4.015,101.324,108.33,shipment_A-1043.csv,simulated_prototype,0,-2.8600000000000003,16.666153846153847,Normal,0-25%,0-3h
A-1043,25,2026-07-07 13:46:33,2.083,52.41663,11.85445,5.58,8.0,False,4.293,105.617,112.85,shipment_A-1043.csv,simulated_prototype,0,-2.42,17.361538461538462,Normal,0-25%,0-3h
A-1043,26,2026-07-07 13:51:33,2.167,52.41263,11.79277,5.12,8.0,False,4.344,109.961,117.36,shipment_A-1043.csv,simulated_prototype,0,-2.88,18.055384615384614,Normal,0-25%,0-3h
A-1043,27,2026-07-07 13:56:33,2.25,52.40764,11.73175,5.46,8.0,False,4.12,114.081,121.88,shipment_A-1043.csv,simulated_prototype,0,-2.54,18.75076923076923,Normal,0-25%,0-3h
A-1043,28,2026-07-07 14:01:33,2.333,52.40353,11.66894,5.41,8.0,False,4.12,118.201,126.39,shipment_A-1043.csv,simulated_prototype,0,-2.59,19.444615384615386,Normal,0-25%,0-3h
A-1043,29,2026-07-07 14:06:33,2.417,52.40014,11.60725,5.34,8.0,False,3.755,121.956,130.9,shipment_A-1043.csv,simulated_prototype,0,-2.66,20.138461538461538,Normal,0-25%,0-3h
A-1043,30,2026-07-07 14:11:33,2.5,52.39522,11.54582,5.52,8.0,False,4.107,126.063,135.42,shipment_A-1043.csv,simulated_prototype,0,-2.4800000000000004,20.833846153846153,Normal,0-25%,0-3h
A-1043,31,2026-07-07 14:16:33,2.583,52.39109,11.48349,5.57,8.0,False,4.234,130.297,139.93,shipment_A-1043.csv,simulated_prototype,0,-2.4299999999999997,21.52769230769231,Normal,0-25%,0-3h
A-1043,32,2026-07-07 14:21:33,2.667,52.38741,11.4213,5.17,8.0,False,3.852,134.149,144.44,shipment_A-1043.csv,simulated_prototype,0,-2.83,22.22153846153846,Normal,0-25%,0-3h
A-1043,33,2026-07-07 14:26:33,2.75,52.38283,11.35858,5.51,8.0,False,4.344,138.493,148.96,shipment_A-1043.csv,simulated_prototype,0,-2.49,22.91692307692308,Normal,0-25%,0-3h
A-1043,34,2026-07-07 14:31:33,2.833,52.38007,11.29683,5.47,8.0,False,4.127,142.62,153.47,shipment_A-1043.csv,simulated_prototype,0,-2.5300000000000002,23.61076923076923,Normal,0-25%,0-3h
A-1043,35,2026-07-07 14:36:33,2.917,52.37508,11.23526,5.36,8.0,False,4.329,146.949,157.99,shipment_A-1043.csv,simulated_prototype,0,-2.6399999999999997,24.306153846153848,Normal,0-25%,0-3h
A-1043,36,2026-07-07 14:41:33,3.0,52.37164,11.1738,5.62,8.0,False,3.868,150.817,162.5,shipment_A-1043.csv,simulated_prototype,0,-2.38,25.0,Normal,0-25%,0-3h
A-1043,37,2026-07-07 14:46:33,3.083,52.36744,11.11139,5.32,8.0,False,3.831,154.648,167.01,shipment_A-1043.csv,simulated_prototype,0,-2.6799999999999997,25.69384615384615,Normal,25-50%,3-6h
A-1043,38,2026-07-07 14:51:33,3.167,52.36267,11.04854,5.61,8.0,False,3.744,158.392,171.53,shipment_A-1043.csv,simulated_prototype,0,-2.3899999999999997,26.38923076923077,Normal,25-50%,3-6h
A-1043,39,2026-07-07 14:56:33,3.25,52.35888,10.98776,5.07,8.0,False,4.318,162.71,176.04,shipment_A-1043.csv,simulated_prototype,0,-2.9299999999999997,27.08307692307692,Normal,25-50%,3-6h
A-1043,40,2026-07-07 15:01:33,3.333,52.35489,10.92465,5.37,8.0,False,4.114,166.824,180.56,shipment_A-1043.csv,simulated_prototype,0,-2.63,27.778461538461542,Normal,25-50%,3-6h
A-1043,41,2026-07-07 15:06:33,3.417,52.35021,10.86278,5.48,8.0,False,4.125,170.949,185.07,shipment_A-1043.csv,simulated_prototype,0,-2.5199999999999996,28.47230769230769,Normal,25-50%,3-6h
A-1043,42,2026-07-07 15:11:33,3.5,52.34573,10.80068,5.32,8.0,False,3.815,174.764,189.58,shipment_A-1043.csv,simulated_prototype,0,-2.6799999999999997,29.166153846153847,Normal,25-50%,3-6h
A-1043,43,2026-07-07 15:16:33,3.583,52.34152,10.7391,5.34,8.0,False,3.798,178.562,194.1,shipment_A-1043.csv,simulated_prototype,0,-2.66,29.861538461538462,Normal,25-50%,3-6h
A-1043,44,2026-07-07 15:21:33,3.667,52.33865,10.67692,5.8,8.0,False,4.088,182.65,198.61,shipment_A-1043.csv,simulated_prototype,0,-2.2,30.555384615384618,Normal,25-50%,3-6h
A-1043,45,2026-07-07 15:26:33,3.75,52.33378,10.61533,5.59,8.0,False,3.785,186.435,203.12,shipment_A-1043.csv,simulated_prototype,0,-2.41,31.249230769230767,Normal,25-50%,3-6h
A-1043,46,2026-07-07 15:31:33,3.833,52.32925,10.55336,5.79,8.0,False,3.893,190.328,207.64,shipment_A-1043.csv,simulated_prototype,0,-2.21,31.944615384615382,Normal,25-50%,3-6h
A-1043,47,2026-07-07 15:36:33,3.917,52.32597,10.49126,5.63,8.0,False,4.128,194.456,212.15,shipment_A-1043.csv,simulated_prototype,0,-2.37,32.63846153846154,Normal,25-50%,3-6h
A-1043,48,2026-07-07 15:41:33,4.0,52.32117,10.42922,5.36,8.0,False,4.132,198.588,216.67,shipment_A-1043.csv,simulated_prototype,0,-2.6399999999999997,33.33384615384615,Normal,25-50%,3-6h
A-1043,49,2026-07-07 15:46:33,4.083,52.31733,10.36761,5.63,8.0,False,4.009,202.597,221.18,shipment_A-1043.csv,simulated_prototype,0,-2.37,34.027692307692305,Normal,25-50%,3-6h
A-1043,50,2026-07-07 15:51:33,4.167,52.3128,10.30459,5.62,8.0,False,3.793,206.39,225.69,shipment_A-1043.csv,simulated_prototype,0,-2.38,34.72153846153846,Normal,25-50%,3-6h
A-1043,51,2026-07-07 15:56:33,4.25,52.30934,10.24346,5.61,8.0,False,3.934,210.324,230.21,shipment_A-1043.csv,simulated_prototype,0,-2.3899999999999997,35.41692307692308,Normal,25-50%,3-6h
A-1043,52,2026-07-07 16:01:33,4.333,52.30541,10.18088,5.34,8.0,False,3.867,214.191,234.72,shipment_A-1043.csv,simulated_prototype,0,-2.66,36.11076923076923,Normal,25-50%,3-6h
A-1043,53,2026-07-07 16:06:33,4.417,52.30067,10.11897,5.78,8.0,False,4.191,218.382,239.24,shipment_A-1043.csv,simulated_prototype,0,-2.2199999999999998,36.80615384615385,Normal,25-50%,3-6h
A-1043,54,2026-07-07 16:11:33,4.5,52.29618,10.05716,5.54,8.0,False,4.357,222.739,243.75,shipment_A-1043.csv,simulated_prototype,0,-2.46,37.5,Normal,25-50%,3-6h
A-1043,55,2026-07-07 16:16:33,4.583,52.29239,9.99537,5.3,8.0,False,3.868,226.607,248.26,shipment_A-1043.csv,simulated_prototype,0,-2.7,38.19384615384615,Normal,25-50%,3-6h
A-1043,56,2026-07-07 16:21:33,4.667,52.28813,9.93364,5.79,8.0,False,3.807,230.414,252.78,shipment_A-1043.csv,simulated_prototype,0,-2.21,38.88923076923077,Normal,25-50%,3-6h
A-1043,57,2026-07-07 16:26:33,4.75,52.2845,9.87068,5.53,8.0,False,3.911,234.325,257.29,shipment_A-1043.csv,simulated_prototype,0,-2.4699999999999998,39.58307692307692,Normal,25-50%,3-6h
A-1043,58,2026-07-07 16:31:33,4.833,52.27947,9.80948,6.83,8.0,False,4.21,238.535,261.81,shipment_A-1043.csv,simulated_prototype,0,-1.17,40.27846153846154,Normal,25-50%,3-6h
A-1043,59,2026-07-07 16:36:33,4.917,52.27572,9.74719,9.51,8.0,True,4.103,242.638,266.32,shipment_A-1043.csv,simulated_prototype,1,1.5099999999999998,40.972307692307695,High,25-50%,3-6h
A-1043,60,2026-07-07 16:41:33,5.0,52.27184,9.68538,11.55,8.0,True,4.315,246.953,270.83,shipment_A-1043.csv,simulated_prototype,1,3.5500000000000007,41.66615384615384,Critical,25-50%,3-6h
A-1043,61,2026-07-07 16:46:33,5.083,52.26728,9.62326,12.77,8.0,True,3.899,250.852,275.35,shipment_A-1043.csv,simulated_prototype,1,4.77,42.361538461538466,Critical,25-50%,3-6h
A-1043,62,2026-07-07 16:51:33,5.167,52.26333,9.56087,12.24,8.0,True,3.763,254.615,279.86,shipment_A-1043.csv,simulated_prototype,1,4.24,43.05538461538462,Critical,25-50%,3-6h
A-1043,63,2026-07-07 16:56:33,5.25,52.25988,9.49922,10.32,8.0,True,3.854,258.469,284.38,shipment_A-1043.csv,simulated_prototype,1,2.3200000000000003,43.75076923076923,Critical,25-50%,3-6h
A-1043,64,2026-07-07 17:01:33,5.333,52.25541,9.4368,7.67,8.0,False,3.993,262.462,288.89,shipment_A-1043.csv,simulated_prototype,0,-0.33000000000000007,44.44461538461538,Watch,25-50%,3-6h
A-1043,65,2026-07-07 17:06:33,5.417,52.25086,9.37517,5.49,8.0,False,3.833,266.295,293.4,shipment_A-1043.csv,simulated_prototype,0,-2.51,45.138461538461534,Normal,25-50%,3-6h
A-1043,66,2026-07-07 17:11:33,5.5,52.24726,9.31305,5.69,8.0,False,4.295,270.59,297.92,shipment_A-1043.csv,simulated_prototype,0,-2.3099999999999996,45.83384615384616,Normal,25-50%,3-6h
A-1043,67,2026-07-07 17:16:33,5.583,52.24242,9.25153,5.95,8.0,False,3.842,274.432,302.43,shipment_A-1043.csv,simulated_prototype,0,-2.05,46.527692307692305,Normal,25-50%,3-6h
A-1043,68,2026-07-07 17:21:33,5.667,52.23842,9.18918,5.59,8.0,False,4.27,278.702,306.94,shipment_A-1043.csv,simulated_prototype,0,-2.41,47.22153846153846,Normal,25-50%,3-6h
A-1043,69,2026-07-07 17:26:33,5.75,52.23441,9.12711,5.57,8.0,False,3.846,282.548,311.46,shipment_A-1043.csv,simulated_prototype,0,-2.4299999999999997,47.91692307692308,Normal,25-50%,3-6h
A-1043,70,2026-07-07 17:31:33,5.833,52.23101,9.06578,5.93,8.0,False,3.895,286.443,315.97,shipment_A-1043.csv,simulated_prototype,0,-2.0700000000000003,48.610769230769236,Normal,25-50%,3-6h
A-1043,71,2026-07-07 17:36:33,5.917,52.2257,9.00319,5.8,8.0,False,4.159,290.602,320.49,shipment_A-1043.csv,simulated_prototype,0,-2.2,49.30615384615385,Normal,25-50%,3-6h
A-1043,72,2026-07-07 17:41:33,6.0,52.22152,8.94095,5.54,8.0,False,3.884,294.486,325.0,shipment_A-1043.csv,simulated_prototype,0,-2.46,50.0,Normal,25-50%,3-6h
A-1043,73,2026-07-07 17:46:33,6.083,52.21837,8.87979,5.75,8.0,False,4.252,298.738,329.51,shipment_A-1043.csv,simulated_prototype,0,-2.25,50.69384615384615,Normal,50-75%,6-9h
A-1043,74,2026-07-07 17:51:33,6.167,52.21328,8.81738,5.66,8.0,False,4.082,302.82,334.03,shipment_A-1043.csv,simulated_prototype,0,-2.34,51.389230769230764,Normal,50-75%,6-9h
A-1043,75,2026-07-07 17:56:33,6.25,52.21029,8.7557,5.32,8.0,False,3.846,306.666,338.54,shipment_A-1043.csv,simulated_prototype,0,-2.6799999999999997,52.08307692307692,Normal,50-75%,6-9h
A-1043,76,2026-07-07 18:01:33,6.333,52.20515,8.69392,5.42,8.0,False,4.165,310.831,343.06,shipment_A-1043.csv,simulated_prototype,0,-2.58,52.77846153846154,Normal,50-75%,6-9h
A-1043,77,2026-07-07 18:06:33,6.417,52.20133,8.63145,5.73,8.0,False,4.286,315.117,347.57,shipment_A-1043.csv,simulated_prototype,0,-2.2699999999999996,53.472307692307695,Normal,50-75%,6-9h
A-1043,78,2026-07-07 18:11:33,6.5,52.19747,8.56933,5.49,8.0,False,3.867,318.984,352.08,shipment_A-1043.csv,simulated_prototype,0,-2.51,54.16615384615384,Normal,50-75%,6-9h
A-1043,79,2026-07-07 18:16:33,6.583,52.19376,8.50775,5.76,8.0,False,4.289,323.273,356.6,shipment_A-1043.csv,simulated_prototype,0,-2.24,54.86153846153846,Normal,50-75%,6-9h
A-1043,80,2026-07-07 18:21:33,6.667,52.18922,8.446,5.53,8.0,False,4.316,327.589,361.11,shipment_A-1043.csv,simulated_prototype,0,-2.4699999999999998,55.55538461538462,Normal,50-75%,6-9h
A-1043,81,2026-07-07 18:26:33,6.75,52.1852,8.38275,5.91,8.0,False,3.909,331.498,365.62,shipment_A-1043.csv,simulated_prototype,0,-2.09,56.24923076923077,Normal,50-75%,6-9h
A-1043,82,2026-07-07 18:31:33,6.833,52.18043,8.32151,5.08,8.0,False,4.096,335.594,370.14,shipment_A-1043.csv,simulated_prototype,0,-2.92,56.94461538461538,Normal,50-75%,6-9h
A-1043,83,2026-07-07 18:36:33,6.917,52.17661,8.25899,5.43,8.0,False,4.181,339.775,374.65,shipment_A-1043.csv,simulated_prototype,0,-2.5700000000000003,57.63846153846154,Normal,50-75%,6-9h
A-1043,84,2026-07-07 18:41:33,7.0,52.17257,8.19749,5.33,8.0,False,3.809,343.584,379.17,shipment_A-1043.csv,simulated_prototype,0,-2.67,58.33384615384616,Normal,50-75%,6-9h
A-1043,85,2026-07-07 18:46:33,7.083,52.16798,8.13607,5.4,8.0,False,4.11,347.694,383.68,shipment_A-1043.csv,simulated_prototype,0,-2.5999999999999996,59.027692307692305,Normal,50-75%,6-9h
A-1043,86,2026-07-07 18:51:33,7.167,52.164,8.07335,5.35,8.0,False,4.387,352.081,388.19,shipment_A-1043.csv,simulated_prototype,0,-2.6500000000000004,59.72153846153846,Normal,50-75%,6-9h
A-1043,87,2026-07-07 18:56:33,7.25,52.16025,8.01205,5.47,8.0,False,4.208,356.289,392.71,shipment_A-1043.csv,simulated_prototype,0,-2.5300000000000002,60.41692307692308,Normal,50-75%,6-9h
A-1043,88,2026-07-07 19:01:33,7.333,52.15541,7.94937,5.13,8.0,False,4.288,360.577,397.22,shipment_A-1043.csv,simulated_prototype,0,-2.87,61.110769230769236,Normal,50-75%,6-9h
A-1043,89,2026-07-07 19:06:33,7.417,52.15179,7.88737,5.51,8.0,False,4.309,364.886,401.74,shipment_A-1043.csv,simulated_prototype,0,-2.49,61.80615384615385,Normal,50-75%,6-9h
A-1043,90,2026-07-07 19:11:33,7.5,52.14792,7.82531,5.86,8.0,False,4.042,368.928,406.25,shipment_A-1043.csv,simulated_prototype,0,-2.1399999999999997,62.5,Normal,50-75%,6-9h
A-1043,91,2026-07-07 19:16:33,7.583,52.14393,7.76387,5.32,8.0,False,3.831,372.759,410.76,shipment_A-1043.csv,simulated_prototype,0,-2.6799999999999997,63.19384615384615,Normal,50-75%,6-9h
A-1043,92,2026-07-07 19:21:33,7.667,52.1389,7.70164,5.47,8.0,False,3.824,376.583,415.28,shipment_A-1043.csv,simulated_prototype,0,-2.5300000000000002,63.889230769230764,Normal,50-75%,6-9h
A-1043,93,2026-07-07 19:26:33,7.75,52.13505,7.63891,5.12,8.0,False,3.849,380.432,419.79,shipment_A-1043.csv,simulated_prototype,0,-2.88,64.58307692307692,Normal,50-75%,6-9h
A-1043,94,2026-07-07 19:31:33,7.833,52.13107,7.57734,4.97,8.0,False,4.042,384.474,424.31,shipment_A-1043.csv,simulated_prototype,0,-3.0300000000000002,65.27846153846154,Normal,50-75%,6-9h
A-1043,95,2026-07-07 19:36:33,7.917,52.12698,7.51507,5.44,8.0,False,3.801,388.275,428.82,shipment_A-1043.csv,simulated_prototype,0,-2.5599999999999996,65.9723076923077,Normal,50-75%,6-9h
A-1043,96,2026-07-07 19:41:33,8.0,52.12268,7.45364,5.03,8.0,False,4.276,392.551,433.33,shipment_A-1043.csv,simulated_prototype,0,-2.9699999999999998,66.66615384615385,Normal,50-75%,6-9h
A-1043,97,2026-07-07 19:46:33,8.083,52.11831,7.39176,5.33,8.0,False,4.309,396.86,437.85,shipment_A-1043.csv,simulated_prototype,0,-2.67,67.36153846153846,Normal,50-75%,6-9h
A-1043,98,2026-07-07 19:51:33,8.167,52.11427,7.32946,5.06,8.0,False,4.217,401.077,442.36,shipment_A-1043.csv,simulated_prototype,0,-2.9400000000000004,68.05538461538461,Normal,50-75%,6-9h
A-1043,99,2026-07-07 19:56:33,8.25,52.11066,7.26712,5.33,8.0,False,3.831,404.908,446.88,shipment_A-1043.csv,simulated_prototype,0,-2.67,68.75076923076922,Normal,50-75%,6-9h
A-1043,100,2026-07-07 20:01:33,8.333,52.10657,7.20522,5.1,8.0,False,4.131,409.039,451.39,shipment_A-1043.csv,simulated_prototype,0,-2.9000000000000004,69.44461538461539,Normal,50-75%,6-9h
A-1043,101,2026-07-07 20:06:33,8.417,52.10222,7.14354,5.01,8.0,False,3.901,412.94,455.9,shipment_A-1043.csv,simulated_prototype,0,-2.99,70.13846153846154,Normal,50-75%,6-9h
A-1043,102,2026-07-07 20:11:33,8.5,52.09831,7.08108,5.07,8.0,False,3.863,416.803,460.42,shipment_A-1043.csv,simulated_prototype,0,-2.9299999999999997,70.83384615384615,Normal,50-75%,6-9h
A-1043,103,2026-07-07 20:16:33,8.583,52.09404,7.0193,4.95,8.0,False,4.227,421.03,464.93,shipment_A-1043.csv,simulated_prototype,0,-3.05,71.5276923076923,Normal,50-75%,6-9h
A-1043,104,2026-07-07 20:21:33,8.667,52.08984,6.95802,5.02,8.0,False,4.257,425.287,469.44,shipment_A-1043.csv,simulated_prototype,0,-2.9800000000000004,72.22153846153846,Normal,50-75%,6-9h
A-1043,105,2026-07-07 20:26:33,8.75,52.08554,6.89531,5.49,8.0,False,4.166,429.453,473.96,shipment_A-1043.csv,simulated_prototype,0,-2.51,72.91692307692308,Normal,50-75%,6-9h
A-1043,106,2026-07-07 20:31:33,8.833,52.08187,6.83298,4.99,8.0,False,4.276,433.729,478.47,shipment_A-1043.csv,simulated_prototype,0,-3.01,73.61076923076924,Normal,50-75%,6-9h
A-1043,107,2026-07-07 20:36:33,8.917,52.07771,6.77168,5.14,8.0,False,3.997,437.726,482.99,shipment_A-1043.csv,simulated_prototype,0,-2.8600000000000003,74.30615384615385,Normal,50-75%,6-9h
A-1043,108,2026-07-07 20:41:33,9.0,52.07307,6.70992,5.16,8.0,False,4.003,441.729,487.5,shipment_A-1043.csv,simulated_prototype,0,-2.84,75.0,Normal,50-75%,6-9h
A-1043,109,2026-07-07 20:46:33,9.083,52.06974,6.64698,5.05,8.0,False,4.3,446.029,492.01,shipment_A-1043.csv,simulated_prototype,0,-2.95,75.69384615384615,Normal,75-100%,9-12h
A-1043,110,2026-07-07 20:51:33,9.167,52.0644,6.58562,5.3,8.0,False,3.778,449.807,496.53,shipment_A-1043.csv,simulated_prototype,0,-2.7,76.38923076923076,Normal,75-100%,9-12h
A-1043,111,2026-07-07 20:56:33,9.25,52.06109,6.52296,5.25,8.0,False,4.278,454.085,501.04,shipment_A-1043.csv,simulated_prototype,0,-2.75,77.08307692307692,Normal,75-100%,9-12h
A-1043,112,2026-07-07 21:01:33,9.333,52.0561,6.46207,5.12,8.0,False,4.133,458.218,505.56,shipment_A-1043.csv,simulated_prototype,0,-2.88,77.77846153846154,Normal,75-100%,9-12h
A-1043,113,2026-07-07 21:06:33,9.417,52.05238,6.39965,4.59,8.0,False,3.809,462.027,510.07,shipment_A-1043.csv,simulated_prototype,0,-3.41,78.4723076923077,Normal,75-100%,9-12h
A-1043,114,2026-07-07 21:11:33,9.5,52.04894,6.33737,4.56,8.0,False,4.271,466.298,514.58,shipment_A-1043.csv,simulated_prototype,0,-3.4400000000000004,79.16615384615385,Normal,75-100%,9-12h
A-1043,115,2026-07-07 21:16:33,9.583,52.04448,6.27493,4.82,8.0,False,3.816,470.114,519.1,shipment_A-1043.csv,simulated_prototype,0,-3.1799999999999997,79.86153846153846,Normal,75-100%,9-12h
A-1043,116,2026-07-07 21:21:33,9.667,52.03968,6.21333,4.96,8.0,False,4.262,474.376,523.61,shipment_A-1043.csv,simulated_prototype,0,-3.04,80.55538461538461,Normal,75-100%,9-12h
A-1043,117,2026-07-07 21:26:33,9.75,52.03678,6.15139,4.97,8.0,False,4.225,478.601,528.12,shipment_A-1043.csv,simulated_prototype,0,-3.0300000000000002,81.24923076923078,Normal,75-100%,9-12h
A-1043,118,2026-07-07 21:31:33,9.833,52.03206,6.08941,5.12,8.0,False,4.089,482.69,532.64,shipment_A-1043.csv,simulated_prototype,0,-2.88,81.94461538461539,Normal,75-100%,9-12h
A-1043,119,2026-07-07 21:36:33,9.917,52.02824,6.02785,5.01,8.0,False,3.896,486.586,537.15,shipment_A-1043.csv,simulated_prototype,0,-2.99,82.63846153846154,Normal,75-100%,9-12h
A-1043,120,2026-07-07 21:41:33,10.0,52.02408,5.96551,4.56,8.0,False,3.912,490.498,541.67,shipment_A-1043.csv,simulated_prototype,0,-3.4400000000000004,83.33384615384615,Normal,75-100%,9-12h
A-1043,121,2026-07-07 21:46:33,10.083,52.01973,5.90306,4.92,8.0,False,3.745,494.243,546.18,shipment_A-1043.csv,simulated_prototype,0,-3.08,84.0276923076923,Normal,75-100%,9-12h
A-1043,122,2026-07-07 21:51:33,10.167,52.01479,5.84161,4.72,8.0,False,4.129,498.372,550.69,shipment_A-1043.csv,simulated_prototype,0,-3.2800000000000002,84.72153846153847,Normal,75-100%,9-12h
A-1043,123,2026-07-07 21:56:33,10.25,52.01079,5.77895,4.56,8.0,False,4.317,502.689,555.21,shipment_A-1043.csv,simulated_prototype,0,-3.4400000000000004,85.41692307692308,Normal,75-100%,9-12h
A-1043,124,2026-07-07 22:01:33,10.333,52.00703,5.71765,4.93,8.0,False,4.348,507.037,559.72,shipment_A-1043.csv,simulated_prototype,0,-3.0700000000000003,86.11076923076924,Normal,75-100%,9-12h
A-1043,125,2026-07-07 22:06:33,10.417,52.00325,5.65492,4.83,8.0,False,4.375,511.412,564.24,shipment_A-1043.csv,simulated_prototype,0,-3.17,86.80615384615385,Normal,75-100%,9-12h
A-1043,126,2026-07-07 22:11:33,10.5,51.99955,5.59303,4.71,8.0,False,4.076,515.488,568.75,shipment_A-1043.csv,simulated_prototype,0,-3.29,87.5,Normal,75-100%,9-12h
A-1043,127,2026-07-07 22:16:33,10.583,51.99531,5.53182,4.61,8.0,False,4.065,519.553,573.26,shipment_A-1043.csv,simulated_prototype,0,-3.3899999999999997,88.19384615384615,Normal,75-100%,9-12h
A-1043,128,2026-07-07 22:21:33,10.667,51.99061,5.46902,4.88,8.0,False,4.158,523.711,577.78,shipment_A-1043.csv,simulated_prototype,0,-3.12,88.88923076923076,Normal,75-100%,9-12h
A-1043,129,2026-07-07 22:26:33,10.75,51.98682,5.40713,4.69,8.0,False,4.229,527.94,582.29,shipment_A-1043.csv,simulated_prototype,0,-3.3099999999999996,89.58307692307692,Normal,75-100%,9-12h
A-1043,130,2026-07-07 22:31:33,10.833,51.98242,5.34499,4.87,8.0,False,3.816,531.756,586.81,shipment_A-1043.csv,simulated_prototype,0,-3.13,90.27846153846153,Normal,75-100%,9-12h
A-1043,131,2026-07-07 22:36:33,10.917,51.97754,5.28341,4.61,8.0,False,3.972,535.728,591.32,shipment_A-1043.csv,simulated_prototype,0,-3.3899999999999997,90.9723076923077,Normal,75-100%,9-12h
A-1043,132,2026-07-07 22:41:33,11.0,51.97423,5.22221,4.73,8.0,False,3.985,539.713,595.83,shipment_A-1043.csv,simulated_prototype,0,-3.2699999999999996,91.66615384615385,Normal,75-100%,9-12h
A-1043,133,2026-07-07 22:46:33,11.083,51.96978,5.1591,4.93,8.0,False,4.227,543.94,600.35,shipment_A-1043.csv,simulated_prototype,0,-3.0700000000000003,92.36153846153846,Normal,75-100%,9-12h
A-1043,134,2026-07-07 22:51:33,11.167,51.96627,5.09783,4.61,8.0,False,4.08,548.02,604.86,shipment_A-1043.csv,simulated_prototype,0,-3.3899999999999997,93.05538461538461,Normal,75-100%,9-12h
A-1043,135,2026-07-07 22:56:33,11.25,51.96175,5.03512,4.35,8.0,False,3.893,551.913,609.38,shipment_A-1043.csv,simulated_prototype,0,-3.6500000000000004,93.75076923076922,Normal,75-100%,9-12h
A-1043,136,2026-07-07 23:01:33,11.333,51.95761,4.97438,4.95,8.0,False,3.989,555.902,613.89,shipment_A-1043.csv,simulated_prototype,0,-3.05,94.44461538461539,Normal,75-100%,9-12h
A-1043,137,2026-07-07 23:06:33,11.417,51.95403,4.91181,4.57,8.0,False,4.227,560.129,618.4,shipment_A-1043.csv,simulated_prototype,0,-3.4299999999999997,95.13846153846154,Normal,75-100%,9-12h
A-1043,138,2026-07-07 23:11:33,11.5,51.94948,4.84997,4.55,8.0,False,4.149,564.278,622.92,shipment_A-1043.csv,simulated_prototype,0,-3.45,95.83384615384615,Normal,75-100%,9-12h
A-1043,139,2026-07-07 23:16:33,11.583,51.94532,4.78798,4.57,8.0,False,4.288,568.566,627.43,shipment_A-1043.csv,simulated_prototype,0,-3.4299999999999997,96.5276923076923,Normal,75-100%,9-12h
A-1043,140,2026-07-07 23:21:33,11.667,51.94095,4.72581,4.0,8.0,False,3.797,572.363,631.94,shipment_A-1043.csv,simulated_prototype,0,-4.0,97.22153846153847,Normal,75-100%,9-12h
A-1043,141,2026-07-07 23:26:33,11.75,51.93743,4.66372,4.9,8.0,False,4.004,576.367,636.46,shipment_A-1043.csv,simulated_prototype,0,-3.0999999999999996,97.91692307692308,Normal,75-100%,9-12h
A-1043,142,2026-07-07 23:31:33,11.833,51.93338,4.6022,4.61,8.0,False,4.249,580.616,640.97,shipment_A-1043.csv,simulated_prototype,0,-3.3899999999999997,98.61076923076924,Normal,75-100%,9-12h
A-1043,143,2026-07-07 23:36:33,11.917,51.92893,4.53982,4.26,8.0,False,3.784,584.4,645.49,shipment_A-1043.csv,simulated_prototype,0,-3.74,99.30615384615385,Normal,75-100%,9-12h
A-1043,144,2026-07-07 23:41:33,12.0,51.92372,4.4781,4.61,8.0,False,4.016,588.416,650.0,shipment_A-1043.csv,simulated_prototype,0,-3.3899999999999997,100.0,Normal,75-100%,9-12h
